#VRML V2.0 utf8
# 3D model generated by easyeda2kicad.py (https://github.com/uPesy/easyeda2kicad.py)

Shape{
    appearance Appearance {
        material  Material 	{
            diffuseColor 0.20784313725490197 0.20784313725490197 0.20784313725490197
            specularColor 0.01568627450980392 0.01568627450980392 0.01568627450980392
            ambientIntensity 0.2
            transparency 0
            shininess 0.5
        }
    }
    geometry IndexedFaceSet {
        ccw TRUE
        solid FALSE
        coord DEF co Coordinate {
            point [
                0.6693 0.8661 0.3642, 0.6693 0.8661 -0.3445, -0.6693 0.8661 0.3642, -0.128 0.8661 -0.3445, -0.6693 0.8661 -0.3445, -0.6693 0.748 0.4823, -0.6693 0.748 0.3642, -0.6693 0.9843 0.4823, -0.6693 0.9843 -0.4823, -0.6693 0.6299 -0.3445, -0.6693 0.6299 -0.4823, -0.6693 0.8366 -0.3445, 0.6693 0.9843 -0.4823, 0.6693 0.6299 -0.4823, 0.6693 0.6299 -0.3445, 0.6693 0.748 0.3642, 0.6693 0.748 0.4823, 0.6693 0.9843 0.4823, 0.6693 0.8366 -0.3445, 0.6693 0.8366 -0.3445
            ]
        }
        coordIndex [
            0,1,2,-1,2,1,3,-1,2,3,4,-1,5,6,7,-1,7,6,2,-1,7,2,8,-1,9,10,11,-1,11,10,8,-1,11,8,4,-1,4,8,2,-1,12,13,14,-1,15,16,0,-1,0,16,17,-1,0,17,1,-1,1,17,12,-1,1,12,18,-1,18,12,14,-1,
        ]
    }
}
Shape{
    appearance Appearance {
        material  Material 	{
            diffuseColor 0.9490196078431372 0.7607843137254902 0.1803921568627451
            specularColor 0.7607843137254902 0.6078431372549019 0.1450980392156863
            ambientIntensity 0.2
            transparency 0
            shininess 0.5
        }
    }
    geometry IndexedFaceSet {
        ccw TRUE
        solid FALSE
        coord DEF co Coordinate {
            point [
                0.0492 0.8071 -0.3445, 0.0492 0.7283 -0.3445, 0.0492 0.8071 -0.3839, 0.0492 0.7283 -0.3839, 0.0492 0.8078 -0.389, 0.0492 0.7317 -0.4093, 0.0492 0.8097 -0.3937, 0.0492 0.7415 -0.4331, 0.0492 0.8129 -0.3978, 0.0492 0.7572 -0.4535, 0.0492 0.8169 -0.4009, 0.0492 0.7776 -0.4691, 0.0492 0.8217 -0.4029, 0.0492 0.8013 -0.4789, 0.0492 0.8268 -0.4035, 0.0492 0.8268 -0.4823, 0.0492 1.1417 -0.4035, 0.0492 1.1417 -0.4823, -0.0492 1.1417 -0.4035, -0.0492 1.1417 -0.4823, -0.0492 0.8268 -0.4035, -0.0492 0.8268 -0.4823, -0.0492 0.8217 -0.4029, -0.0492 0.8013 -0.4789, -0.0492 0.8169 -0.4009, -0.0492 0.7776 -0.4691, -0.0492 0.8129 -0.3978, -0.0492 0.7572 -0.4535, -0.0492 0.8097 -0.3937, -0.0492 0.7415 -0.4331, -0.0492 0.8078 -0.389, -0.0492 0.7317 -0.4093, -0.0492 0.8071 -0.3839, -0.0492 0.7283 -0.3839, -0.0492 0.8071 -0.3445, -0.0492 0.7283 -0.3445, 0.3051 0.8071 -0.3445, 0.3051 0.7283 -0.3445, 0.3051 0.8071 -0.3839, 0.3051 0.7283 -0.3839, 0.3051 0.8078 -0.389, 0.3051 0.7317 -0.4093, 0.3051 0.8097 -0.3937, 0.3051 0.7415 -0.4331, 0.3051 0.8129 -0.3978, 0.3051 0.7572 -0.4535, 0.3051 0.8169 -0.4009, 0.3051 0.7776 -0.4691, 0.3051 0.8217 -0.4029, 0.3051 0.8013 -0.4789, 0.3051 0.8268 -0.4035, 0.3051 0.8268 -0.4823, 0.3051 1.1417 -0.4035, 0.3051 1.1417 -0.4823, 0.2067 1.1417 -0.4035, 0.2067 1.1417 -0.4823, 0.2067 0.8268 -0.4035, 0.2067 0.8268 -0.4823, 0.2067 0.8217 -0.4029, 0.2067 0.8013 -0.4789, 0.2067 0.8169 -0.4009, 0.2067 0.7776 -0.4691, 0.2067 0.8129 -0.3978, 0.2067 0.7572 -0.4535, 0.2067 0.8097 -0.3937, 0.2067 0.7415 -0.4331, 0.2067 0.8078 -0.389, 0.2067 0.7317 -0.4093, 0.2067 0.8071 -0.3839, 0.2067 0.7283 -0.3839, 0.2067 0.8071 -0.3445, 0.2067 0.7283 -0.3445, 0.561 0.8071 -0.3445, 0.561 0.7283 -0.3445, 0.561 0.8071 -0.3839, 0.561 0.7283 -0.3839, 0.561 0.8078 -0.389, 0.561 0.7317 -0.4093, 0.561 0.8097 -0.3937, 0.561 0.7415 -0.4331, 0.561 0.8129 -0.3978, 0.561 0.7572 -0.4535, 0.561 0.8169 -0.4009, 0.561 0.7776 -0.4691, 0.561 0.8217 -0.4029, 0.561 0.8013 -0.4789, 0.561 0.8268 -0.4035, 0.561 0.8268 -0.4823, 0.561 1.1417 -0.4035, 0.561 1.1417 -0.4823, 0.4626 1.1417 -0.4035, 0.4626 1.1417 -0.4823, 0.4626 0.8268 -0.4035, 0.4626 0.8268 -0.4823, 0.4626 0.8217 -0.4029, 0.4626 0.8013 -0.4789, 0.4626 0.8169 -0.4009, 0.4626 0.7776 -0.4691, 0.4626 0.8129 -0.3978, 0.4626 0.7572 -0.4535, 0.4626 0.8097 -0.3937, 0.4626 0.7415 -0.4331, 0.4626 0.8078 -0.389, 0.4626 0.7317 -0.4093, 0.4626 0.8071 -0.3839, 0.4626 0.7283 -0.3839, 0.4626 0.8071 -0.3445, 0.4626 0.7283 -0.3445, -0.2067 0.8071 -0.3445, -0.2067 0.7283 -0.3445, -0.2067 0.8071 -0.3839, -0.2067 0.7283 -0.3839, -0.2067 0.8078 -0.389, -0.2067 0.7317 -0.4093, -0.2067 0.8097 -0.3937, -0.2067 0.7415 -0.4331, -0.2067 0.8129 -0.3978, -0.2067 0.7572 -0.4535, -0.2067 0.8169 -0.4009, -0.2067 0.7776 -0.4691, -0.2067 0.8217 -0.4029, -0.2067 0.8013 -0.4789, -0.2067 0.8268 -0.4035, -0.2067 0.8268 -0.4823, -0.2067 1.1417 -0.4035, -0.2067 1.1417 -0.4823, -0.3051 1.1417 -0.4035, -0.3051 1.1417 -0.4823, -0.3051 0.8268 -0.4035, -0.3051 0.8268 -0.4823, -0.3051 0.8217 -0.4029, -0.3051 0.8013 -0.4789, -0.3051 0.8169 -0.4009, -0.3051 0.7776 -0.4691, -0.3051 0.8129 -0.3978, -0.3051 0.7572 -0.4535, -0.3051 0.8097 -0.3937, -0.3051 0.7415 -0.4331, -0.3051 0.8078 -0.389, -0.3051 0.7317 -0.4093, -0.3051 0.8071 -0.3839, -0.3051 0.7283 -0.3839, -0.3051 0.8071 -0.3445, -0.3051 0.7283 -0.3445, -0.4626 0.8071 -0.3445, -0.4626 0.7283 -0.3445, -0.4626 0.8071 -0.3839, -0.4626 0.7283 -0.3839, -0.4626 0.8078 -0.389, -0.4626 0.7317 -0.4093, -0.4626 0.8097 -0.3937, -0.4626 0.7415 -0.4331, -0.4626 0.8129 -0.3978, -0.4626 0.7572 -0.4535, -0.4626 0.8169 -0.4009, -0.4626 0.7776 -0.4691, -0.4626 0.8217 -0.4029, -0.4626 0.8013 -0.4789, -0.4626 0.8268 -0.4035, -0.4626 0.8268 -0.4823, -0.4626 1.1417 -0.4035, -0.4626 1.1417 -0.4823, -0.561 1.1417 -0.4035, -0.561 1.1417 -0.4823, -0.561 0.8268 -0.4035, -0.561 0.8268 -0.4823, -0.561 0.8217 -0.4029, -0.561 0.8013 -0.4789, -0.561 0.8169 -0.4009, -0.561 0.7776 -0.4691, -0.561 0.8129 -0.3978, -0.561 0.7572 -0.4535, -0.561 0.8097 -0.3937, -0.561 0.7415 -0.4331, -0.561 0.8078 -0.389, -0.561 0.7317 -0.4093, -0.561 0.8071 -0.3839, -0.561 0.7283 -0.3839, -0.561 0.8071 -0.3445, -0.561 0.7283 -0.3445, -0.561 0.7283 -0.3445
            ]
        }
        coordIndex [
            0,1,2,-1,2,1,3,-1,2,3,4,-1,4,3,5,-1,4,5,6,-1,6,5,7,-1,6,7,8,-1,8,7,9,-1,8,9,10,-1,10,9,11,-1,10,11,12,-1,12,11,13,-1,12,13,14,-1,14,13,15,-1,14,15,16,-1,16,15,17,-1,18,19,20,-1,20,19,21,-1,20,21,22,-1,22,21,23,-1,22,23,24,-1,24,23,25,-1,24,25,26,-1,26,25,27,-1,26,27,28,-1,28,27,29,-1,28,29,30,-1,30,29,31,-1,30,31,32,-1,32,31,33,-1,32,33,34,-1,34,33,35,-1,0,2,34,-1,34,2,32,-1,36,37,38,-1,38,37,39,-1,38,39,40,-1,40,39,41,-1,40,41,42,-1,42,41,43,-1,42,43,44,-1,44,43,45,-1,44,45,46,-1,46,45,47,-1,46,47,48,-1,48,47,49,-1,48,49,50,-1,50,49,51,-1,50,51,52,-1,52,51,53,-1,54,55,56,-1,56,55,57,-1,56,57,58,-1,58,57,59,-1,58,59,60,-1,60,59,61,-1,60,61,62,-1,62,61,63,-1,62,63,64,-1,64,63,65,-1,64,65,66,-1,66,65,67,-1,66,67,68,-1,68,67,69,-1,68,69,70,-1,70,69,71,-1,36,38,70,-1,70,38,68,-1,72,73,74,-1,74,73,75,-1,74,75,76,-1,76,75,77,-1,76,77,78,-1,78,77,79,-1,78,79,80,-1,80,79,81,-1,80,81,82,-1,82,81,83,-1,82,83,84,-1,84,83,85,-1,84,85,86,-1,86,85,87,-1,86,87,88,-1,88,87,89,-1,90,91,92,-1,92,91,93,-1,92,93,94,-1,94,93,95,-1,94,95,96,-1,96,95,97,-1,96,97,98,-1,98,97,99,-1,98,99,100,-1,100,99,101,-1,100,101,102,-1,102,101,103,-1,102,103,104,-1,104,103,105,-1,104,105,106,-1,106,105,107,-1,72,74,106,-1,106,74,104,-1,108,109,110,-1,110,109,111,-1,110,111,112,-1,112,111,113,-1,112,113,114,-1,114,113,115,-1,114,115,116,-1,116,115,117,-1,116,117,118,-1,118,117,119,-1,118,119,120,-1,120,119,121,-1,120,121,122,-1,122,121,123,-1,122,123,124,-1,124,123,125,-1,126,127,128,-1,128,127,129,-1,128,129,130,-1,130,129,131,-1,130,131,132,-1,132,131,133,-1,132,133,134,-1,134,133,135,-1,134,135,136,-1,136,135,137,-1,136,137,138,-1,138,137,139,-1,138,139,140,-1,140,139,141,-1,140,141,142,-1,142,141,143,-1,108,110,142,-1,142,110,140,-1,144,145,146,-1,146,145,147,-1,146,147,148,-1,148,147,149,-1,148,149,150,-1,150,149,151,-1,150,151,152,-1,152,151,153,-1,152,153,154,-1,154,153,155,-1,154,155,156,-1,156,155,157,-1,156,157,158,-1,158,157,159,-1,158,159,160,-1,160,159,161,-1,162,163,164,-1,164,163,165,-1,164,165,166,-1,166,165,167,-1,166,167,168,-1,168,167,169,-1,168,169,170,-1,170,169,171,-1,170,171,172,-1,172,171,173,-1,172,173,174,-1,174,173,175,-1,174,175,176,-1,176,175,177,-1,176,177,178,-1,178,177,179,-1,144,146,178,-1,178,146,176,-1,
        ]
    }
}
Shape{
    appearance Appearance {
        material  Material 	{
            diffuseColor 0.20784313725490197 0.20784313725490197 0.20784313725490197
            specularColor 0.01568627450980392 0.01568627450980392 0.01568627450980392
            ambientIntensity 0.2
            transparency 0
            shininess 0.5
        }
    }
    geometry IndexedFaceSet {
        ccw TRUE
        solid FALSE
        coord DEF co Coordinate {
            point [
                -1.3189 0.5906 -0.3642, -1.3189 0.9843 -0.3642, -0.9449 0.5906 -0.3642, -0.9449 0.9843 -0.3642, 0.9449 0.9843 -0.3642, 1.3189 0.9843 -0.3642, 0.9449 0.5906 -0.3642, 1.3189 0.5906 -0.3642, -0.5906 -0.315 0.0098, -0.5906 0.5906 0.0098, -0.5866 -0.315 0.0098, -0.5866 0.5906 0.0098, -0.437 -0.315 0.0098, -0.437 0.5906 0.0098, -0.3307 -0.315 0.0098, -0.3307 0.5906 0.0098, 0.3307 -0.315 0.0098, 0.3307 0.5906 0.0098, 0.437 -0.315 0.0098, 0.437 0.5906 0.0098, 0.0748 -0.315 0.0098, 0.0748 0.5906 0.0098, 0.1811 -0.315 0.0098, 0.1811 0.5906 0.0098, -0.1811 -0.315 0.0098, -0.1811 0.5906 0.0098, -0.0748 -0.315 0.0098, -0.0748 0.5906 0.0098, 0.6693 0.5906 0.0886, 0.6693 0.5906 0.1673, 0.6693 -0.315 0.0886, 0.6693 -0.315 0.1673, 0.5866 -0.315 0.0098, 0.5866 0.5906 0.0098, 0.5906 -0.315 0.0098, 0.5906 0.5906 0.0098, -0.6693 -0.3937 0.0886, -0.6693 -0.3937 0.1673, -0.6693 0.5906 0.0886, -0.6693 0.5906 0.1673, 0.5906 0.5906 0.2461, -0.5906 0.5906 0.2461, 0.5906 -0.315 0.2461, -0.5906 -0.315 0.2461, 0.0748 -0.3937 0.0965, 0.0748 -0.3937 0.0886, 0.1811 -0.3937 0.0886, -0.5866 -0.3937 0.0886, -0.5866 -0.3937 0.0965, -0.437 -0.3937 0.0965, 0.3307 -0.3937 0.0886, 0.437 -0.3937 0.0886, 0.3307 -0.3937 0.0965, 0.437 -0.3937 0.0965, -0.437 -0.3937 0.0886, -0.3307 -0.3937 0.0886, -0.3307 -0.3937 0.0965, -0.1811 -0.3937 0.0965, 0.1811 -0.3937 0.0965, -0.0748 -0.3937 0.0965, -0.0748 -0.3937 0.0886, -0.1811 -0.3937 0.0886, 0.5866 -0.3937 0.0886, 0.5906 -0.3937 0.0886, 0.5866 -0.3937 0.0965, 0.5906 -0.3937 0.1673, -0.0748 0.5906 0.0965, -0.0748 -0.391 0.0682, -0.0748 -0.3832 0.0492, -0.0748 -0.3706 0.0329, -0.0748 -0.3543 0.0204, -0.0748 -0.3353 0.0125, 0.0748 0.5906 0.0965, 0.0748 -0.391 0.0682, 0.0748 -0.3543 0.0204, 0.0748 -0.3706 0.0329, 0.0748 -0.3832 0.0492, 0.0748 -0.3353 0.0125, -0.3307 0.5906 0.0965, -0.3307 -0.3832 0.0492, -0.3307 -0.3706 0.0329, -0.3307 -0.3543 0.0204, -0.3307 -0.391 0.0682, -0.3307 -0.3353 0.0125, -0.1811 0.5906 0.0965, -0.1811 -0.391 0.0682, -0.1811 -0.3543 0.0204, -0.1811 -0.3706 0.0329, -0.1811 -0.3832 0.0492, -0.1811 -0.3353 0.0125, -0.5866 0.5906 0.0965, -0.5866 -0.3832 0.0492, -0.5866 -0.3706 0.0329, -0.5866 -0.3543 0.0204, -0.5866 -0.391 0.0682, -0.5866 -0.3353 0.0125, -0.437 0.5906 0.0965, -0.437 -0.391 0.0682, -0.437 -0.3543 0.0204, -0.437 -0.3706 0.0329, -0.437 -0.3832 0.0492, -0.437 -0.3353 0.0125, 0.1811 0.5906 0.0965, 0.1811 -0.3832 0.0492, 0.1811 -0.3706 0.0329, 0.1811 -0.3543 0.0204, 0.1811 -0.391 0.0682, 0.1811 -0.3353 0.0125, 0.3307 0.5906 0.0965, 0.3307 -0.391 0.0682, 0.3307 -0.3543 0.0204, 0.3307 -0.3706 0.0329, 0.3307 -0.3832 0.0492, 0.3307 -0.3353 0.0125, 0.437 0.5906 0.0965, 0.437 -0.3832 0.0492, 0.437 -0.3706 0.0329, 0.437 -0.3543 0.0204, 0.437 -0.391 0.0682, 0.437 -0.3353 0.0125, 0.5866 0.5906 0.0965, 0.5866 -0.391 0.0682, 0.5866 -0.3543 0.0204, 0.5866 -0.3706 0.0329, 0.5866 -0.3832 0.0492, 0.5866 -0.3353 0.0125, -0.6109 0.5906 0.2434, -0.6109 -0.3353 0.2434, -0.6299 0.5906 0.2355, -0.6299 -0.3543 0.2355, -0.6462 0.5906 0.223, -0.6462 -0.3706 0.223, -0.653 -0.3774 0.2153, -0.6587 0.5906 0.2067, -0.6587 -0.3832 0.2067, -0.6633 -0.3877 0.1975, -0.6666 0.5906 0.1877, -0.6666 -0.391 0.1877, -0.6686 -0.393 0.1776, 0.5906 -0.391 0.1877, 0.5906 -0.3832 0.2067, 0.5906 -0.3706 0.223, 0.5906 -0.3543 0.2355, 0.5906 -0.3353 0.2434, 0.6109 -0.315 0.2434, 0.6109 0.5906 0.2434, 0.6299 -0.315 0.2355, 0.6299 0.5906 0.2355, 0.6462 -0.315 0.223, 0.6462 0.5906 0.223, 0.6587 -0.315 0.2067, 0.6587 0.5906 0.2067, 0.6666 -0.315 0.1877, 0.6666 0.5906 0.1877, 0.6102 -0.3353 0.2408, 0.6102 -0.3832 0.2014, 0.6007 -0.391 0.185, 0.605 -0.391 0.1817, 0.6109 -0.391 0.1673, 0.6102 -0.391 0.1726, 0.5958 -0.391 0.187, 0.6007 -0.3832 0.2054, 0.605 -0.3706 0.2211, 0.6184 -0.3832 0.1952, 0.6082 -0.391 0.1775, 0.6246 -0.3832 0.187, 0.6286 -0.3832 0.1775, 0.6299 -0.3832 0.1673, 0.6184 -0.3706 0.2155, 0.6299 -0.3706 0.2067, 0.6388 -0.3706 0.1952, 0.6443 -0.3706 0.1817, 0.6462 -0.3706 0.1673, 0.6082 -0.3543 0.2332, 0.6246 -0.3543 0.2264, 0.6388 -0.3543 0.2155, 0.6496 -0.3543 0.2014, 0.6564 -0.3543 0.185, 0.6587 -0.3543 0.1673, 0.6286 -0.3353 0.2332, 0.6443 -0.3353 0.2211, 0.6564 -0.3353 0.2054, 0.664 -0.3353 0.187, 0.6666 -0.3353 0.1673, 0.6666 -0.3353 0.0886, 0.6587 -0.3543 0.0886, 0.6462 -0.3706 0.0886, 0.6299 -0.3832 0.0886, 0.6109 -0.391 0.0886, 0.6666 -0.315 0.0682, 0.6666 0.5906 0.0682, 0.6587 -0.315 0.0492, 0.6587 0.5906 0.0492, 0.6462 -0.315 0.0329, 0.6462 0.5906 0.0329, 0.6299 -0.315 0.0204, 0.6299 0.5906 0.0204, 0.6109 -0.315 0.0125, 0.6109 0.5906 0.0125, 0.664 -0.3353 0.0689, 0.6246 -0.3832 0.0689, 0.6082 -0.391 0.0784, 0.605 -0.391 0.0742, 0.5906 -0.391 0.0682, 0.5958 -0.391 0.0689, 0.6102 -0.391 0.0833, 0.6286 -0.3832 0.0784, 0.6443 -0.3706 0.0742, 0.6184 -0.3832 0.0607, 0.6007 -0.391 0.0709, 0.6102 -0.3832 0.0545, 0.6007 -0.3832 0.0506, 0.5906 -0.3832 0.0492, 0.6388 -0.3706 0.0607, 0.6299 -0.3706 0.0492, 0.6184 -0.3706 0.0404, 0.605 -0.3706 0.0348, 0.5906 -0.3706 0.0329, 0.6564 -0.3543 0.0709, 0.6496 -0.3543 0.0545, 0.6388 -0.3543 0.0404, 0.6246 -0.3543 0.0295, 0.6082 -0.3543 0.0227, 0.5906 -0.3543 0.0204, 0.6564 -0.3353 0.0506, 0.6443 -0.3353 0.0348, 0.6286 -0.3353 0.0227, 0.6102 -0.3353 0.0151, 0.5906 -0.3353 0.0125, -0.6686 -0.393 0.0783, -0.6666 0.5906 0.0682, -0.6587 0.5906 0.0492, -0.6633 -0.3877 0.0585, -0.6666 -0.391 0.0682, -0.6462 -0.3706 0.0329, -0.653 -0.3774 0.0406, -0.6587 -0.3832 0.0492, -0.6462 0.5906 0.0329, -0.6299 0.5906 0.0204, -0.6299 -0.3543 0.0204, -0.6109 0.5906 0.0125, -0.6109 -0.3353 0.0125, -0.9449 0.5906 -0.4823, 0.9449 0.5906 -0.4823, 1.3386 0.5906 -0.3589, 1.3467 0.5906 -0.3526, -1.2795 0.5906 0.3642, 1.3291 0.5906 -0.3628, 1.2795 0.5906 0.3642, 1.297 0.5906 0.3622, 1.353 0.5906 -0.3445, 1.3569 0.5906 -0.335, 1.3583 0.5906 -0.3248, 1.3583 0.5906 0.2854, 1.3563 0.5906 0.303, 1.3505 0.5906 0.3196, 1.3411 0.5906 0.3345, 1.3286 0.5906 0.347, 1.3137 0.5906 0.3564, -1.3467 0.5906 -0.3526, -1.3386 0.5906 -0.3589, -1.3291 0.5906 -0.3628, -1.3583 0.5906 0.2854, -1.3583 0.5906 -0.3248, -1.3569 0.5906 -0.335, -1.353 0.5906 -0.3445, -1.3411 0.5906 0.3345, -1.3505 0.5906 0.3196, -1.3563 0.5906 0.303, -1.297 0.5906 0.3622, -1.3137 0.5906 0.3564, -1.3286 0.5906 0.347, 1.3583 0.9843 -0.3248, 1.3583 0.9843 0.2854, 1.2795 0.9843 0.3642, 1.297 0.9843 0.3622, 1.3137 0.9843 0.3564, 1.3286 0.9843 0.347, 1.3411 0.9843 0.3345, 1.3505 0.9843 0.3196, 1.3563 0.9843 0.303, 0.9449 0.9843 0.3642, 0.9449 0.748 0.3642, 0.6693 0.748 0.3642, -0.9449 0.9843 0.3642, -1.2795 0.9843 0.3642, -0.9449 0.748 0.3642, -0.6693 0.748 0.3642, -0.6693 0.8661 0.3642, 0.6693 0.8661 0.3642, -1.3583 0.9843 0.2854, -1.3563 0.9843 0.303, -1.3505 0.9843 0.3196, -1.3411 0.9843 0.3345, -1.3286 0.9843 0.347, -1.3137 0.9843 0.3564, -1.297 0.9843 0.3622, -1.3583 0.9843 -0.3248, 1.3291 0.9843 -0.3628, 1.3386 0.9843 -0.3589, 1.3467 0.9843 -0.3526, 1.353 0.9843 -0.3445, 1.3569 0.9843 -0.335, -1.3569 0.9843 -0.335, -1.353 0.9843 -0.3445, -1.3467 0.9843 -0.3526, -1.3386 0.9843 -0.3589, -1.3291 0.9843 -0.3628, -0.9449 0.9843 -0.4823, 0.9449 0.9843 -0.4823, 0.6693 0.6299 -0.4823, -0.6693 0.6299 -0.4823, -0.8103 0.8336 -0.4823, -0.7874 0.8366 -0.4823, -0.6693 0.9843 -0.4823, -0.7645 0.8336 -0.4823, -0.8641 0.7037 -0.4823, -0.85 0.6854 -0.4823, -0.8317 0.6713 -0.4823, -0.8317 0.8247 -0.4823, -0.85 0.8107 -0.4823, -0.8641 0.7923 -0.4823, -0.873 0.771 -0.4823, -0.876 0.748 -0.4823, -0.873 0.7251 -0.4823, 0.7645 0.8336 -0.4823, 0.7431 0.8247 -0.4823, 0.6693 0.9843 -0.4823, 0.7248 0.8107 -0.4823, 0.7107 0.7923 -0.4823, 0.8641 0.7923 -0.4823, 0.85 0.8107 -0.4823, -0.7107 0.7037 -0.4823, -0.7248 0.6854 -0.4823, -0.7431 0.6713 -0.4823, -0.7107 0.7923 -0.4823, -0.7248 0.8107 -0.4823, -0.7431 0.8247 -0.4823, 0.7018 0.771 -0.4823, 0.6988 0.748 -0.4823, 0.7018 0.7251 -0.4823, 0.8317 0.8247 -0.4823, 0.8103 0.8336 -0.4823, 0.7874 0.8366 -0.4823, -0.8103 0.6625 -0.4823, -0.7874 0.6594 -0.4823, -0.7645 0.6625 -0.4823, -0.7018 0.7251 -0.4823, -0.6988 0.748 -0.4823, -0.7018 0.771 -0.4823, 0.7107 0.7037 -0.4823, 0.7248 0.6854 -0.4823, 0.7431 0.6713 -0.4823, 0.7645 0.6625 -0.4823, 0.7874 0.6594 -0.4823, 0.8103 0.6625 -0.4823, 0.8317 0.6713 -0.4823, 0.85 0.6854 -0.4823, 0.8641 0.7037 -0.4823, 0.873 0.7251 -0.4823, 0.876 0.748 -0.4823, 0.873 0.771 -0.4823, 0.6693 0.6299 -0.3445, -0.128 0.6299 -0.3445, -0.6693 0.6299 -0.3445, -0.4626 0.8071 -0.3445, -0.561 0.8071 -0.3445, -0.6693 0.8366 -0.3445, -0.128 0.8366 -0.3445, -0.2067 0.8071 -0.3445, -0.3051 0.8071 -0.3445, -0.561 0.7283 -0.3445, -0.4626 0.7283 -0.3445, -0.2067 0.7283 -0.3445, -0.3051 0.7283 -0.3445, -0.6693 0.8661 -0.3445, -0.128 0.8661 -0.3445, 0.0492 0.8071 -0.3445, -0.0492 0.8071 -0.3445, 0.0492 0.7283 -0.3445, -0.0492 0.7283 -0.3445, 0.6693 0.8366 -0.3445, 0.561 0.8071 -0.3445, 0.4626 0.8071 -0.3445, 0.2067 0.8071 -0.3445, 0.3051 0.8071 -0.3445, 0.3051 0.7283 -0.3445, 0.561 0.7283 -0.3445, 0.4626 0.7283 -0.3445, 0.6693 0.8661 -0.3445, 0.2067 0.7283 -0.3445, 0.2067 0.7283 -0.3445
            ]
        }
        coordIndex [
            0,1,2,-1,2,1,3,-1,4,5,6,-1,6,5,7,-1,8,9,10,-1,10,9,11,-1,12,13,14,-1,14,13,15,-1,16,17,18,-1,18,17,19,-1,20,21,22,-1,22,21,23,-1,24,25,26,-1,26,25,27,-1,28,29,30,-1,30,29,31,-1,32,33,34,-1,34,33,35,-1,36,37,38,-1,38,37,39,-1,40,41,42,-1,42,41,43,-1,44,45,46,-1,36,47,37,-1,37,47,48,-1,37,48,49,-1,50,51,52,-1,52,51,53,-1,54,55,49,-1,49,55,56,-1,49,56,37,-1,37,56,57,-1,46,58,44,-1,44,58,37,-1,44,37,59,-1,59,37,57,-1,59,57,60,-1,60,57,61,-1,62,63,64,-1,64,63,65,-1,64,65,53,-1,53,65,37,-1,53,37,52,-1,52,37,58,-1,27,66,26,-1,26,66,59,-1,59,60,26,-1,26,60,67,-1,26,67,68,-1,68,69,26,-1,26,69,70,-1,26,70,71,-1,59,66,44,-1,44,66,72,-1,45,44,72,-1,72,21,45,-1,45,21,20,-1,45,20,73,-1,74,75,76,-1,73,20,76,-1,76,20,77,-1,76,77,74,-1,56,55,78,-1,78,55,14,-1,78,14,15,-1,79,80,81,-1,55,82,14,-1,14,82,79,-1,14,79,83,-1,83,79,81,-1,78,84,56,-1,56,84,57,-1,61,57,84,-1,84,25,61,-1,61,25,24,-1,61,24,85,-1,86,87,88,-1,85,24,88,-1,88,24,89,-1,88,89,86,-1,48,47,90,-1,90,47,10,-1,90,10,11,-1,91,92,93,-1,47,94,10,-1,10,94,91,-1,10,91,95,-1,95,91,93,-1,90,96,48,-1,48,96,49,-1,54,49,96,-1,96,13,54,-1,54,13,12,-1,54,12,97,-1,98,99,100,-1,97,12,100,-1,100,12,101,-1,100,101,98,-1,58,46,102,-1,102,46,22,-1,102,22,23,-1,103,104,105,-1,46,106,22,-1,22,106,103,-1,22,103,107,-1,107,103,105,-1,102,108,58,-1,58,108,52,-1,50,52,108,-1,108,17,50,-1,50,17,16,-1,50,16,109,-1,110,111,112,-1,109,16,112,-1,112,16,113,-1,112,113,110,-1,53,51,114,-1,114,51,18,-1,114,18,19,-1,115,116,117,-1,51,118,18,-1,18,118,115,-1,18,115,119,-1,119,115,117,-1,114,120,53,-1,53,120,64,-1,62,64,120,-1,120,33,62,-1,62,33,32,-1,62,32,121,-1,122,123,124,-1,121,32,124,-1,124,32,125,-1,124,125,122,-1,43,41,126,-1,43,126,127,-1,127,126,128,-1,127,128,129,-1,129,128,130,-1,129,130,131,-1,131,130,132,-1,132,130,133,-1,132,133,134,-1,134,133,135,-1,135,133,136,-1,135,136,137,-1,137,136,138,-1,138,136,39,-1,138,39,37,-1,37,65,138,-1,138,65,139,-1,140,135,139,-1,139,135,137,-1,139,137,138,-1,131,132,140,-1,140,132,134,-1,140,134,135,-1,140,141,131,-1,131,141,142,-1,131,142,129,-1,129,142,143,-1,129,143,127,-1,127,143,42,-1,127,42,43,-1,40,42,144,-1,40,144,145,-1,145,144,146,-1,145,146,147,-1,147,146,148,-1,147,148,149,-1,149,148,150,-1,149,150,151,-1,151,150,152,-1,151,152,153,-1,153,152,31,-1,153,31,29,-1,42,143,154,-1,155,156,157,-1,65,158,159,-1,157,156,65,-1,160,65,156,-1,160,156,161,-1,161,156,155,-1,161,155,162,-1,139,65,160,-1,163,164,165,-1,165,164,159,-1,165,159,166,-1,166,159,158,-1,166,158,167,-1,139,160,140,-1,140,160,161,-1,140,161,141,-1,141,161,162,-1,141,162,142,-1,168,163,169,-1,169,163,165,-1,169,165,170,-1,170,165,166,-1,170,166,171,-1,171,166,167,-1,171,167,172,-1,173,168,174,-1,174,168,169,-1,174,169,175,-1,175,169,170,-1,175,170,176,-1,176,170,171,-1,176,171,177,-1,177,171,172,-1,177,172,178,-1,143,173,154,-1,154,173,174,-1,154,174,179,-1,179,174,175,-1,179,175,180,-1,180,175,176,-1,180,176,181,-1,181,176,177,-1,181,177,182,-1,182,177,178,-1,182,178,183,-1,42,154,144,-1,144,154,179,-1,144,179,146,-1,146,179,180,-1,146,180,148,-1,148,180,181,-1,148,181,150,-1,150,181,182,-1,150,182,152,-1,152,182,183,-1,152,183,31,-1,164,65,159,-1,143,142,173,-1,173,142,162,-1,173,162,168,-1,168,162,155,-1,168,155,163,-1,163,155,157,-1,163,157,164,-1,164,157,65,-1,30,31,183,-1,30,183,184,-1,184,183,178,-1,184,178,185,-1,185,178,172,-1,185,172,186,-1,186,172,167,-1,186,167,187,-1,187,167,158,-1,187,158,188,-1,188,158,65,-1,188,65,63,-1,28,30,189,-1,28,189,190,-1,190,189,191,-1,190,191,192,-1,192,191,193,-1,192,193,194,-1,194,193,195,-1,194,195,196,-1,196,195,197,-1,196,197,198,-1,198,197,34,-1,198,34,35,-1,30,184,199,-1,200,201,202,-1,63,203,204,-1,202,201,63,-1,205,63,201,-1,205,201,206,-1,206,201,200,-1,206,200,207,-1,188,63,205,-1,208,209,210,-1,210,209,204,-1,210,204,211,-1,211,204,203,-1,211,203,212,-1,188,205,187,-1,187,205,206,-1,187,206,186,-1,186,206,207,-1,186,207,185,-1,213,208,214,-1,214,208,210,-1,214,210,215,-1,215,210,211,-1,215,211,216,-1,216,211,212,-1,216,212,217,-1,218,213,219,-1,219,213,214,-1,219,214,220,-1,220,214,215,-1,220,215,221,-1,221,215,216,-1,221,216,222,-1,222,216,217,-1,222,217,223,-1,184,218,199,-1,199,218,219,-1,199,219,224,-1,224,219,220,-1,224,220,225,-1,225,220,221,-1,225,221,226,-1,226,221,222,-1,226,222,227,-1,227,222,223,-1,227,223,228,-1,30,199,189,-1,189,199,224,-1,189,224,191,-1,191,224,225,-1,191,225,193,-1,193,225,226,-1,193,226,195,-1,195,226,227,-1,195,227,197,-1,197,227,228,-1,197,228,34,-1,209,63,204,-1,184,185,218,-1,218,185,207,-1,218,207,213,-1,213,207,200,-1,213,200,208,-1,208,200,202,-1,208,202,209,-1,209,202,63,-1,32,34,228,-1,32,228,125,-1,125,228,223,-1,125,223,122,-1,122,223,217,-1,122,217,123,-1,123,217,212,-1,123,212,124,-1,124,212,203,-1,124,203,121,-1,121,203,63,-1,121,63,62,-1,16,18,119,-1,16,119,113,-1,113,119,117,-1,113,117,110,-1,110,117,116,-1,110,116,111,-1,111,116,115,-1,111,115,112,-1,112,115,118,-1,112,118,109,-1,109,118,51,-1,109,51,50,-1,20,22,107,-1,20,107,77,-1,77,107,105,-1,77,105,74,-1,74,105,104,-1,74,104,75,-1,75,104,103,-1,75,103,76,-1,76,103,106,-1,76,106,73,-1,73,106,46,-1,73,46,45,-1,24,26,71,-1,24,71,89,-1,89,71,70,-1,89,70,86,-1,86,70,69,-1,86,69,87,-1,87,69,68,-1,87,68,88,-1,88,68,67,-1,88,67,85,-1,85,67,60,-1,85,60,61,-1,12,14,83,-1,12,83,101,-1,101,83,81,-1,101,81,98,-1,98,81,80,-1,98,80,99,-1,99,80,79,-1,99,79,100,-1,100,79,82,-1,100,82,97,-1,97,82,55,-1,97,55,54,-1,36,38,229,-1,229,38,230,-1,231,232,230,-1,230,232,233,-1,230,233,229,-1,234,235,231,-1,231,235,236,-1,231,236,232,-1,231,237,234,-1,234,237,238,-1,234,238,239,-1,239,238,240,-1,239,240,241,-1,241,240,9,-1,241,9,8,-1,8,10,95,-1,8,95,241,-1,241,95,93,-1,241,93,239,-1,239,93,92,-1,239,92,234,-1,234,92,235,-1,235,92,91,-1,235,91,236,-1,236,91,232,-1,232,91,94,-1,232,94,233,-1,233,94,229,-1,229,94,47,-1,229,47,36,-1,33,120,114,-1,17,242,19,-1,19,242,243,-1,21,72,66,-1,27,25,242,-1,66,27,21,-1,21,27,242,-1,21,242,23,-1,23,242,17,-1,23,17,102,-1,102,17,108,-1,96,90,13,-1,13,90,11,-1,114,19,33,-1,33,19,243,-1,33,243,35,-1,35,243,6,-1,244,245,192,-1,194,196,6,-1,6,196,198,-1,6,198,35,-1,128,126,246,-1,244,192,247,-1,147,149,248,-1,248,149,151,-1,248,151,249,-1,249,151,153,-1,194,6,192,-1,192,6,7,-1,192,7,247,-1,9,240,2,-1,84,78,25,-1,25,78,15,-1,25,15,242,-1,242,15,13,-1,242,13,2,-1,2,13,11,-1,2,11,9,-1,245,250,192,-1,192,250,251,-1,192,251,190,-1,190,251,252,-1,190,252,28,-1,28,252,253,-1,28,253,29,-1,29,253,254,-1,29,254,255,-1,255,256,29,-1,29,256,257,-1,29,257,153,-1,153,257,258,-1,153,258,249,-1,126,41,246,-1,246,41,40,-1,246,40,248,-1,248,40,145,-1,248,145,147,-1,136,133,246,-1,246,133,130,-1,246,130,128,-1,240,238,2,-1,2,238,237,-1,2,237,0,-1,0,237,231,-1,259,260,231,-1,231,260,261,-1,231,261,0,-1,262,263,230,-1,230,263,264,-1,230,264,231,-1,231,264,265,-1,231,265,259,-1,266,267,39,-1,230,38,262,-1,262,38,39,-1,262,39,268,-1,268,39,267,-1,246,269,136,-1,136,269,270,-1,136,270,39,-1,39,270,271,-1,39,271,266,-1,272,273,252,-1,252,273,253,-1,274,248,249,-1,274,249,275,-1,275,249,258,-1,275,258,276,-1,276,258,257,-1,276,257,277,-1,277,257,256,-1,277,256,278,-1,278,256,255,-1,278,255,279,-1,279,255,254,-1,279,254,280,-1,280,254,253,-1,280,253,273,-1,248,274,281,-1,281,282,248,-1,248,282,283,-1,248,283,246,-1,284,285,286,-1,286,285,246,-1,286,246,287,-1,287,246,283,-1,287,283,288,-1,288,283,289,-1,290,262,268,-1,290,268,291,-1,291,268,267,-1,291,267,292,-1,292,267,266,-1,292,266,293,-1,293,266,271,-1,293,271,294,-1,294,271,270,-1,294,270,295,-1,295,270,269,-1,295,269,296,-1,296,269,246,-1,296,246,285,-1,262,290,263,-1,263,290,297,-1,7,5,298,-1,7,298,247,-1,247,298,299,-1,247,299,244,-1,244,299,300,-1,244,300,245,-1,245,300,301,-1,245,301,250,-1,250,301,302,-1,250,302,251,-1,251,302,272,-1,251,272,252,-1,263,297,303,-1,263,303,264,-1,264,303,304,-1,264,304,265,-1,265,304,305,-1,265,305,259,-1,259,305,306,-1,259,306,260,-1,260,306,307,-1,260,307,261,-1,261,307,1,-1,261,1,0,-1,3,308,2,-1,2,308,242,-1,243,309,6,-1,6,309,4,-1,243,242,310,-1,310,242,311,-1,312,308,313,-1,313,308,314,-1,313,314,315,-1,316,317,242,-1,242,317,318,-1,312,319,308,-1,308,319,320,-1,308,320,321,-1,321,322,308,-1,308,322,323,-1,308,323,242,-1,242,323,324,-1,242,324,316,-1,325,326,327,-1,327,326,328,-1,327,328,329,-1,309,330,331,-1,332,311,333,-1,333,311,334,-1,335,336,314,-1,314,336,337,-1,314,337,315,-1,329,338,327,-1,327,338,339,-1,327,339,310,-1,310,339,340,-1,331,341,309,-1,309,341,342,-1,309,342,327,-1,327,342,343,-1,327,343,325,-1,318,344,242,-1,242,344,345,-1,242,345,311,-1,311,345,346,-1,311,346,334,-1,332,347,311,-1,311,347,348,-1,311,348,314,-1,314,348,349,-1,314,349,335,-1,340,350,310,-1,310,350,351,-1,310,351,352,-1,352,353,310,-1,310,353,354,-1,310,354,243,-1,243,354,355,-1,355,356,243,-1,243,356,357,-1,243,357,358,-1,358,359,243,-1,243,359,360,-1,243,360,309,-1,309,360,361,-1,309,361,330,-1,362,310,363,-1,363,310,311,-1,363,311,364,-1,365,366,367,-1,368,369,370,-1,367,366,364,-1,364,366,371,-1,364,371,372,-1,369,368,373,-1,373,368,363,-1,373,363,374,-1,375,376,367,-1,367,376,368,-1,367,368,365,-1,365,368,370,-1,365,370,372,-1,372,370,374,-1,372,374,364,-1,364,374,363,-1,377,378,368,-1,379,362,363,-1,368,378,363,-1,363,378,380,-1,363,380,379,-1,381,382,383,-1,384,381,385,-1,385,381,383,-1,385,383,386,-1,382,381,387,-1,387,381,362,-1,387,362,388,-1,376,389,368,-1,368,389,381,-1,368,381,377,-1,377,381,384,-1,377,384,379,-1,379,384,390,-1,379,390,362,-1,362,390,386,-1,362,386,388,-1,388,386,383,-1,
        ]
    }
}
Shape{
    appearance Appearance {
        material  Material 	{
            diffuseColor 0.9490196078431372 0.7607843137254902 0.1803921568627451
            specularColor 0.7607843137254902 0.6078431372549019 0.1450980392156863
            ambientIntensity 0.2
            transparency 0
            shininess 0.5
        }
    }
    geometry IndexedFaceSet {
        ccw TRUE
        solid FALSE
        coord DEF co Coordinate {
            point [
                -0.0492 0.7283 -0.3445, -0.0492 0.7283 -0.3839, 0.0492 0.7283 -0.3445, 0.0492 0.7283 -0.3839, 0.0492 1.1417 -0.4823, 0.0492 0.8268 -0.4823, -0.0492 1.1417 -0.4823, -0.0492 0.8268 -0.4823, 0.0492 1.1417 -0.4035, -0.0492 1.1417 -0.4035, 0.0492 0.8268 -0.4035, -0.0492 0.8268 -0.4035, 0.0492 0.8217 -0.4029, -0.0492 0.8217 -0.4029, 0.0492 0.8169 -0.4009, -0.0492 0.8169 -0.4009, 0.0492 0.8129 -0.3978, -0.0492 0.8129 -0.3978, 0.0492 0.8097 -0.3937, -0.0492 0.8097 -0.3937, 0.0492 0.8078 -0.389, -0.0492 0.8078 -0.389, 0.0492 0.8071 -0.3839, -0.0492 0.8071 -0.3839, -0.0492 0.7317 -0.4093, 0.0492 0.7317 -0.4093, -0.0492 0.7415 -0.4331, 0.0492 0.7415 -0.4331, -0.0492 0.7572 -0.4535, 0.0492 0.7572 -0.4535, -0.0492 0.7776 -0.4691, 0.0492 0.7776 -0.4691, -0.0492 0.8013 -0.4789, 0.0492 0.8013 -0.4789, 0.2067 0.7283 -0.3445, 0.2067 0.7283 -0.3839, 0.3051 0.7283 -0.3445, 0.3051 0.7283 -0.3839, 0.3051 1.1417 -0.4823, 0.3051 0.8268 -0.4823, 0.2067 1.1417 -0.4823, 0.2067 0.8268 -0.4823, 0.3051 1.1417 -0.4035, 0.2067 1.1417 -0.4035, 0.3051 0.8268 -0.4035, 0.2067 0.8268 -0.4035, 0.3051 0.8217 -0.4029, 0.2067 0.8217 -0.4029, 0.3051 0.8169 -0.4009, 0.2067 0.8169 -0.4009, 0.3051 0.8129 -0.3978, 0.2067 0.8129 -0.3978, 0.3051 0.8097 -0.3937, 0.2067 0.8097 -0.3937, 0.3051 0.8078 -0.389, 0.2067 0.8078 -0.389, 0.3051 0.8071 -0.3839, 0.2067 0.8071 -0.3839, 0.2067 0.7317 -0.4093, 0.3051 0.7317 -0.4093, 0.2067 0.7415 -0.4331, 0.3051 0.7415 -0.4331, 0.2067 0.7572 -0.4535, 0.3051 0.7572 -0.4535, 0.2067 0.7776 -0.4691, 0.3051 0.7776 -0.4691, 0.2067 0.8013 -0.4789, 0.3051 0.8013 -0.4789, 0.4626 0.7283 -0.3445, 0.4626 0.7283 -0.3839, 0.561 0.7283 -0.3445, 0.561 0.7283 -0.3839, 0.561 1.1417 -0.4823, 0.561 0.8268 -0.4823, 0.4626 1.1417 -0.4823, 0.4626 0.8268 -0.4823, 0.561 1.1417 -0.4035, 0.4626 1.1417 -0.4035, 0.561 0.8268 -0.4035, 0.4626 0.8268 -0.4035, 0.561 0.8217 -0.4029, 0.4626 0.8217 -0.4029, 0.561 0.8169 -0.4009, 0.4626 0.8169 -0.4009, 0.561 0.8129 -0.3978, 0.4626 0.8129 -0.3978, 0.561 0.8097 -0.3937, 0.4626 0.8097 -0.3937, 0.561 0.8078 -0.389, 0.4626 0.8078 -0.389, 0.561 0.8071 -0.3839, 0.4626 0.8071 -0.3839, 0.4626 0.7317 -0.4093, 0.561 0.7317 -0.4093, 0.4626 0.7415 -0.4331, 0.561 0.7415 -0.4331, 0.4626 0.7572 -0.4535, 0.561 0.7572 -0.4535, 0.4626 0.7776 -0.4691, 0.561 0.7776 -0.4691, 0.4626 0.8013 -0.4789, 0.561 0.8013 -0.4789, -0.3051 0.7283 -0.3445, -0.3051 0.7283 -0.3839, -0.2067 0.7283 -0.3445, -0.2067 0.7283 -0.3839, -0.2067 1.1417 -0.4823, -0.2067 0.8268 -0.4823, -0.3051 1.1417 -0.4823, -0.3051 0.8268 -0.4823, -0.2067 1.1417 -0.4035, -0.3051 1.1417 -0.4035, -0.2067 0.8268 -0.4035, -0.3051 0.8268 -0.4035, -0.2067 0.8217 -0.4029, -0.3051 0.8217 -0.4029, -0.2067 0.8169 -0.4009, -0.3051 0.8169 -0.4009, -0.2067 0.8129 -0.3978, -0.3051 0.8129 -0.3978, -0.2067 0.8097 -0.3937, -0.3051 0.8097 -0.3937, -0.2067 0.8078 -0.389, -0.3051 0.8078 -0.389, -0.2067 0.8071 -0.3839, -0.3051 0.8071 -0.3839, -0.3051 0.7317 -0.4093, -0.2067 0.7317 -0.4093, -0.3051 0.7415 -0.4331, -0.2067 0.7415 -0.4331, -0.3051 0.7572 -0.4535, -0.2067 0.7572 -0.4535, -0.3051 0.7776 -0.4691, -0.2067 0.7776 -0.4691, -0.3051 0.8013 -0.4789, -0.2067 0.8013 -0.4789, -0.561 0.7283 -0.3445, -0.561 0.7283 -0.3839, -0.4626 0.7283 -0.3445, -0.4626 0.7283 -0.3839, -0.4626 1.1417 -0.4823, -0.4626 0.8268 -0.4823, -0.561 1.1417 -0.4823, -0.561 0.8268 -0.4823, -0.4626 1.1417 -0.4035, -0.561 1.1417 -0.4035, -0.4626 0.8268 -0.4035, -0.561 0.8268 -0.4035, -0.4626 0.8217 -0.4029, -0.561 0.8217 -0.4029, -0.4626 0.8169 -0.4009, -0.561 0.8169 -0.4009, -0.4626 0.8129 -0.3978, -0.561 0.8129 -0.3978, -0.4626 0.8097 -0.3937, -0.561 0.8097 -0.3937, -0.4626 0.8078 -0.389, -0.561 0.8078 -0.389, -0.4626 0.8071 -0.3839, -0.561 0.8071 -0.3839, -0.561 0.7317 -0.4093, -0.4626 0.7317 -0.4093, -0.561 0.7415 -0.4331, -0.4626 0.7415 -0.4331, -0.561 0.7572 -0.4535, -0.4626 0.7572 -0.4535, -0.561 0.7776 -0.4691, -0.4626 0.7776 -0.4691, -0.561 0.8013 -0.4789, -0.4626 0.8013 -0.4789, -0.4626 0.8013 -0.4789
            ]
        }
        coordIndex [
            0,1,2,-1,2,1,3,-1,4,5,6,-1,6,5,7,-1,8,4,9,-1,9,4,6,-1,10,8,11,-1,11,8,9,-1,10,11,12,-1,12,11,13,-1,12,13,14,-1,14,13,15,-1,14,15,16,-1,16,15,17,-1,16,17,18,-1,18,17,19,-1,18,19,20,-1,20,19,21,-1,20,21,22,-1,22,21,23,-1,3,1,24,-1,3,24,25,-1,25,24,26,-1,25,26,27,-1,27,26,28,-1,27,28,29,-1,29,28,30,-1,29,30,31,-1,31,30,32,-1,31,32,33,-1,33,32,7,-1,33,7,5,-1,34,35,36,-1,36,35,37,-1,38,39,40,-1,40,39,41,-1,42,38,43,-1,43,38,40,-1,44,42,45,-1,45,42,43,-1,44,45,46,-1,46,45,47,-1,46,47,48,-1,48,47,49,-1,48,49,50,-1,50,49,51,-1,50,51,52,-1,52,51,53,-1,52,53,54,-1,54,53,55,-1,54,55,56,-1,56,55,57,-1,37,35,58,-1,37,58,59,-1,59,58,60,-1,59,60,61,-1,61,60,62,-1,61,62,63,-1,63,62,64,-1,63,64,65,-1,65,64,66,-1,65,66,67,-1,67,66,41,-1,67,41,39,-1,68,69,70,-1,70,69,71,-1,72,73,74,-1,74,73,75,-1,76,72,77,-1,77,72,74,-1,78,76,79,-1,79,76,77,-1,78,79,80,-1,80,79,81,-1,80,81,82,-1,82,81,83,-1,82,83,84,-1,84,83,85,-1,84,85,86,-1,86,85,87,-1,86,87,88,-1,88,87,89,-1,88,89,90,-1,90,89,91,-1,71,69,92,-1,71,92,93,-1,93,92,94,-1,93,94,95,-1,95,94,96,-1,95,96,97,-1,97,96,98,-1,97,98,99,-1,99,98,100,-1,99,100,101,-1,101,100,75,-1,101,75,73,-1,102,103,104,-1,104,103,105,-1,106,107,108,-1,108,107,109,-1,110,106,111,-1,111,106,108,-1,112,110,113,-1,113,110,111,-1,112,113,114,-1,114,113,115,-1,114,115,116,-1,116,115,117,-1,116,117,118,-1,118,117,119,-1,118,119,120,-1,120,119,121,-1,120,121,122,-1,122,121,123,-1,122,123,124,-1,124,123,125,-1,105,103,126,-1,105,126,127,-1,127,126,128,-1,127,128,129,-1,129,128,130,-1,129,130,131,-1,131,130,132,-1,131,132,133,-1,133,132,134,-1,133,134,135,-1,135,134,109,-1,135,109,107,-1,136,137,138,-1,138,137,139,-1,140,141,142,-1,142,141,143,-1,144,140,145,-1,145,140,142,-1,146,144,147,-1,147,144,145,-1,146,147,148,-1,148,147,149,-1,148,149,150,-1,150,149,151,-1,150,151,152,-1,152,151,153,-1,152,153,154,-1,154,153,155,-1,154,155,156,-1,156,155,157,-1,156,157,158,-1,158,157,159,-1,139,137,160,-1,139,160,161,-1,161,160,162,-1,161,162,163,-1,163,162,164,-1,163,164,165,-1,165,164,166,-1,165,166,167,-1,167,166,168,-1,167,168,169,-1,169,168,143,-1,169,143,141,-1,
        ]
    }
}
Shape{
    appearance Appearance {
        material  Material 	{
            diffuseColor 0.20784313725490197 0.20784313725490197 0.20784313725490197
            specularColor 0.01568627450980392 0.01568627450980392 0.01568627450980392
            ambientIntensity 0.2
            transparency 0
            shininess 0.5
        }
    }
    geometry IndexedFaceSet {
        ccw TRUE
        solid FALSE
        coord DEF co Coordinate {
            point [
                0.7874 0.6594 -0.4823, 0.8103 0.6625 -0.6988, 0.8103 0.6625 -0.4823, 0.8317 0.6713 -0.6988, 0.8317 0.6713 -0.4823, 0.85 0.6854 -0.6988, 0.85 0.6854 -0.4823, 0.8641 0.7037 -0.6988, 0.8641 0.7037 -0.4823, 0.873 0.7251 -0.6988, 0.873 0.7251 -0.4823, 0.876 0.748 -0.6988, 0.876 0.748 -0.4823, 0.873 0.771 -0.6988, 0.873 0.771 -0.4823, 0.8641 0.7923 -0.6988, 0.8641 0.7923 -0.4823, 0.85 0.8107 -0.6988, 0.85 0.8107 -0.4823, 0.8317 0.8247 -0.6988, 0.8317 0.8247 -0.4823, 0.8103 0.8336 -0.6988, 0.8103 0.8336 -0.4823, 0.7874 0.8366 -0.6988, 0.7874 0.8366 -0.4823, 0.7645 0.8336 -0.6988, 0.7645 0.8336 -0.4823, 0.7431 0.8247 -0.6988, 0.7431 0.8247 -0.4823, 0.7248 0.8107 -0.6988, 0.7248 0.8107 -0.4823, 0.7107 0.7923 -0.6988, 0.7107 0.7923 -0.4823, 0.7018 0.771 -0.6988, 0.7018 0.771 -0.4823, 0.6988 0.748 -0.6988, 0.6988 0.748 -0.4823, 0.7018 0.7251 -0.6988, 0.7018 0.7251 -0.4823, 0.7107 0.7037 -0.6988, 0.7107 0.7037 -0.4823, 0.7248 0.6854 -0.6988, 0.7248 0.6854 -0.4823, 0.7431 0.6713 -0.6988, 0.7431 0.6713 -0.4823, 0.7645 0.6625 -0.6988, 0.7645 0.6625 -0.4823, 0.7874 0.6594 -0.6988, 0.7488 0.8149 -0.7185, 0.7674 0.8226 -0.7185, 0.7874 0.748 -0.7185, 0.7874 0.8252 -0.7185, 0.8074 0.8226 -0.7185, 0.7128 0.768 -0.7185, 0.7205 0.7866 -0.7185, 0.7328 0.8026 -0.7185, 0.7205 0.7094 -0.7185, 0.7128 0.728 -0.7185, 0.7102 0.748 -0.7185, 0.7674 0.6734 -0.7185, 0.7488 0.6812 -0.7185, 0.7328 0.6934 -0.7185, 0.826 0.6812 -0.7185, 0.8074 0.6734 -0.7185, 0.7874 0.6708 -0.7185, 0.862 0.728 -0.7185, 0.8543 0.7094 -0.7185, 0.842 0.6934 -0.7185, 0.8543 0.7866 -0.7185, 0.862 0.768 -0.7185, 0.8646 0.748 -0.7185, 0.826 0.8149 -0.7185, 0.842 0.8026 -0.7185, -0.7874 0.6594 -0.4823, -0.7645 0.6625 -0.6988, -0.7645 0.6625 -0.4823, -0.7431 0.6713 -0.6988, -0.7431 0.6713 -0.4823, -0.7248 0.6854 -0.6988, -0.7248 0.6854 -0.4823, -0.7107 0.7037 -0.6988, -0.7107 0.7037 -0.4823, -0.7018 0.7251 -0.6988, -0.7018 0.7251 -0.4823, -0.6988 0.748 -0.6988, -0.6988 0.748 -0.4823, -0.7018 0.771 -0.6988, -0.7018 0.771 -0.4823, -0.7107 0.7923 -0.6988, -0.7107 0.7923 -0.4823, -0.7248 0.8107 -0.6988, -0.7248 0.8107 -0.4823, -0.7431 0.8247 -0.6988, -0.7431 0.8247 -0.4823, -0.7645 0.8336 -0.6988, -0.7645 0.8336 -0.4823, -0.7874 0.8366 -0.6988, -0.7874 0.8366 -0.4823, -0.8103 0.8336 -0.6988, -0.8103 0.8336 -0.4823, -0.8317 0.8247 -0.6988, -0.8317 0.8247 -0.4823, -0.85 0.8107 -0.6988, -0.85 0.8107 -0.4823, -0.8641 0.7923 -0.6988, -0.8641 0.7923 -0.4823, -0.873 0.771 -0.6988, -0.873 0.771 -0.4823, -0.876 0.748 -0.6988, -0.876 0.748 -0.4823, -0.873 0.7251 -0.6988, -0.873 0.7251 -0.4823, -0.8641 0.7037 -0.6988, -0.8641 0.7037 -0.4823, -0.85 0.6854 -0.6988, -0.85 0.6854 -0.4823, -0.8317 0.6713 -0.6988, -0.8317 0.6713 -0.4823, -0.8103 0.6625 -0.6988, -0.8103 0.6625 -0.4823, -0.7874 0.6594 -0.6988, -0.826 0.8149 -0.7185, -0.8074 0.8226 -0.7185, -0.7874 0.748 -0.7185, -0.7874 0.8252 -0.7185, -0.7674 0.8226 -0.7185, -0.862 0.768 -0.7185, -0.8543 0.7866 -0.7185, -0.842 0.8026 -0.7185, -0.8543 0.7094 -0.7185, -0.862 0.728 -0.7185, -0.8646 0.748 -0.7185, -0.8074 0.6734 -0.7185, -0.826 0.6812 -0.7185, -0.842 0.6934 -0.7185, -0.7488 0.6812 -0.7185, -0.7674 0.6734 -0.7185, -0.7874 0.6708 -0.7185, -0.7128 0.728 -0.7185, -0.7205 0.7094 -0.7185, -0.7328 0.6934 -0.7185, -0.7205 0.7866 -0.7185, -0.7128 0.768 -0.7185, -0.7102 0.748 -0.7185, -0.7488 0.8149 -0.7185, -0.7328 0.8026 -0.7185, 0.9449 0.9843 0.3642, 0.9449 0.9843 0.4823, 0.9449 0.748 0.3642, 0.9449 0.748 0.4823, 0.6693 0.748 0.4823, 0.6693 0.748 0.3642, 0.6693 0.9843 0.4823, -0.9449 0.748 0.4823, -0.9449 0.9843 0.4823, -0.9449 0.748 0.3642, -0.9449 0.9843 0.3642, -0.6693 0.748 0.4823, -0.6693 0.748 0.3642, -0.6693 0.9843 0.4823, 0.6693 0.9843 -0.4823, 0.9449 0.9843 -0.3642, 0.9449 0.9843 -0.4823, 1.3583 0.9843 0.2854, 1.2795 0.9843 0.3642, 1.297 0.9843 0.3622, 1.3137 0.9843 0.3564, 1.3286 0.9843 0.347, 1.3411 0.9843 0.3345, 1.3505 0.9843 0.3196, 1.3563 0.9843 0.303, 1.3583 0.9843 -0.3248, 1.3189 0.9843 -0.3642, 1.3569 0.9843 -0.335, 1.353 0.9843 -0.3445, 1.3467 0.9843 -0.3526, 1.3386 0.9843 -0.3589, 1.3291 0.9843 -0.3628, -0.6693 0.9843 -0.4823, -0.9449 0.9843 -0.4823, -0.9449 0.9843 -0.3642, -1.3569 0.9843 -0.335, -1.3583 0.9843 -0.3248, -1.3189 0.9843 -0.3642, -1.3386 0.9843 -0.3589, -1.3467 0.9843 -0.3526, -1.353 0.9843 -0.3445, -1.3583 0.9843 0.2854, -1.2795 0.9843 0.3642, -1.3563 0.9843 0.303, -1.3505 0.9843 0.3196, -1.3411 0.9843 0.3345, -1.3286 0.9843 0.347, -1.3291 0.9843 -0.3628, -1.3137 0.9843 0.3564, -1.297 0.9843 0.3622, -1.297 0.9843 0.3622
            ]
        }
        coordIndex [
            0,1,2,-1,2,1,3,-1,2,3,4,-1,4,3,5,-1,4,5,6,-1,6,5,7,-1,6,7,8,-1,8,7,9,-1,8,9,10,-1,10,9,11,-1,10,11,12,-1,12,11,13,-1,12,13,14,-1,14,13,15,-1,14,15,16,-1,16,15,17,-1,16,17,18,-1,18,17,19,-1,18,19,20,-1,20,19,21,-1,20,21,22,-1,22,21,23,-1,22,23,24,-1,24,23,25,-1,24,25,26,-1,26,25,27,-1,26,27,28,-1,28,27,29,-1,28,29,30,-1,30,29,31,-1,30,31,32,-1,32,31,33,-1,32,33,34,-1,34,33,35,-1,34,35,36,-1,36,35,37,-1,36,37,38,-1,38,37,39,-1,38,39,40,-1,40,39,41,-1,40,41,42,-1,42,41,43,-1,42,43,44,-1,44,43,45,-1,44,45,46,-1,46,45,47,-1,46,47,0,-1,0,47,1,-1,48,49,50,-1,50,49,51,-1,50,51,52,-1,53,54,50,-1,50,54,55,-1,50,55,48,-1,56,57,50,-1,50,57,58,-1,50,58,53,-1,59,60,50,-1,50,60,61,-1,50,61,56,-1,62,63,50,-1,50,63,64,-1,50,64,59,-1,65,66,50,-1,50,66,67,-1,50,67,62,-1,68,69,50,-1,50,69,70,-1,50,70,65,-1,52,71,50,-1,50,71,72,-1,50,72,68,-1,47,63,1,-1,1,63,62,-1,1,62,3,-1,3,62,67,-1,3,67,5,-1,5,67,66,-1,5,66,7,-1,7,66,65,-1,7,65,9,-1,9,65,70,-1,9,70,11,-1,11,70,69,-1,11,69,13,-1,13,69,68,-1,13,68,15,-1,15,68,72,-1,15,72,17,-1,17,72,71,-1,17,71,19,-1,19,71,52,-1,19,52,21,-1,21,52,51,-1,21,51,23,-1,23,51,49,-1,23,49,25,-1,25,49,48,-1,25,48,27,-1,27,48,55,-1,27,55,29,-1,29,55,54,-1,29,54,31,-1,31,54,53,-1,31,53,33,-1,33,53,58,-1,33,58,35,-1,35,58,57,-1,35,57,37,-1,37,57,56,-1,37,56,39,-1,39,56,61,-1,39,61,41,-1,41,61,60,-1,41,60,43,-1,43,60,59,-1,43,59,45,-1,45,59,64,-1,45,64,47,-1,47,64,63,-1,73,74,75,-1,75,74,76,-1,75,76,77,-1,77,76,78,-1,77,78,79,-1,79,78,80,-1,79,80,81,-1,81,80,82,-1,81,82,83,-1,83,82,84,-1,83,84,85,-1,85,84,86,-1,85,86,87,-1,87,86,88,-1,87,88,89,-1,89,88,90,-1,89,90,91,-1,91,90,92,-1,91,92,93,-1,93,92,94,-1,93,94,95,-1,95,94,96,-1,95,96,97,-1,97,96,98,-1,97,98,99,-1,99,98,100,-1,99,100,101,-1,101,100,102,-1,101,102,103,-1,103,102,104,-1,103,104,105,-1,105,104,106,-1,105,106,107,-1,107,106,108,-1,107,108,109,-1,109,108,110,-1,109,110,111,-1,111,110,112,-1,111,112,113,-1,113,112,114,-1,113,114,115,-1,115,114,116,-1,115,116,117,-1,117,116,118,-1,117,118,119,-1,119,118,120,-1,119,120,73,-1,73,120,74,-1,121,122,123,-1,123,122,124,-1,123,124,125,-1,126,127,123,-1,123,127,128,-1,123,128,121,-1,129,130,123,-1,123,130,131,-1,123,131,126,-1,132,133,123,-1,123,133,134,-1,123,134,129,-1,135,136,123,-1,123,136,137,-1,123,137,132,-1,138,139,123,-1,123,139,140,-1,123,140,135,-1,141,142,123,-1,123,142,143,-1,123,143,138,-1,125,144,123,-1,123,144,145,-1,123,145,141,-1,120,136,74,-1,74,136,135,-1,74,135,76,-1,76,135,140,-1,76,140,78,-1,78,140,139,-1,78,139,80,-1,80,139,138,-1,80,138,82,-1,82,138,143,-1,82,143,84,-1,84,143,142,-1,84,142,86,-1,86,142,141,-1,86,141,88,-1,88,141,145,-1,88,145,90,-1,90,145,144,-1,90,144,92,-1,92,144,125,-1,92,125,94,-1,94,125,124,-1,94,124,96,-1,96,124,122,-1,96,122,98,-1,98,122,121,-1,98,121,100,-1,100,121,128,-1,100,128,102,-1,102,128,127,-1,102,127,104,-1,104,127,126,-1,104,126,106,-1,106,126,131,-1,106,131,108,-1,108,131,130,-1,108,130,110,-1,110,130,129,-1,110,129,112,-1,112,129,134,-1,112,134,114,-1,114,134,133,-1,114,133,116,-1,116,133,132,-1,116,132,118,-1,118,132,137,-1,118,137,120,-1,120,137,136,-1,146,147,148,-1,148,147,149,-1,149,150,148,-1,148,150,151,-1,147,152,149,-1,149,152,150,-1,153,154,155,-1,155,154,156,-1,157,153,158,-1,158,153,155,-1,159,154,157,-1,157,154,153,-1,160,152,147,-1,147,146,160,-1,160,146,161,-1,160,161,162,-1,163,146,164,-1,165,166,164,-1,164,166,167,-1,164,167,168,-1,168,169,164,-1,164,169,170,-1,164,170,163,-1,146,163,161,-1,161,163,171,-1,161,171,172,-1,172,171,173,-1,172,173,174,-1,175,176,174,-1,174,176,177,-1,174,177,172,-1,159,178,179,-1,179,180,159,-1,159,180,156,-1,159,156,154,-1,181,182,183,-1,183,182,180,-1,184,185,186,-1,180,182,156,-1,156,182,187,-1,156,187,188,-1,188,187,189,-1,188,189,190,-1,190,191,192,-1,181,183,186,-1,186,183,193,-1,186,193,184,-1,192,194,190,-1,190,194,195,-1,190,195,188,-1,
        ]
    }
}
Shape{
    appearance Appearance {
        material  Material 	{
            diffuseColor 0.6666666666666666 0.6666666666666666 0.6666666666666666
            specularColor 0.4666666666666667 0.4666666666666667 0.4666666666666667
            ambientIntensity 0.2
            transparency 0
            shininess 0.5
        }
    }
    geometry IndexedFaceSet {
        ccw TRUE
        solid FALSE
        coord DEF co Coordinate {
            point [
                -0.9449 0.9843 0.4823, -0.9449 0.9843 0.3642, -1.2795 0.9843 0.4823, -1.2795 0.9843 0.3642, -1.4599 0.9843 0.3642, -1.4569 0.9843 0.3708, -1.4334 0.9843 0.4082, -1.4023 0.9843 0.4393, -1.3649 0.9843 0.4628, -1.3233 0.9843 0.4773, 1.3583 0.9843 -0.0295, 1.4764 0.9843 -0.0295, 1.3583 0.9843 -0.3248, 1.4764 0.9843 -0.3248, 1.3569 0.9843 -0.335, 1.471 0.9843 -0.3656, 1.353 0.9843 -0.3445, 1.4553 0.9843 -0.4035, 1.3467 0.9843 -0.3526, 1.4303 0.9843 -0.4362, 1.3386 0.9843 -0.3589, 1.3976 0.9843 -0.4612, 1.3291 0.9843 -0.3628, 1.3597 0.9843 -0.4769, 1.3189 0.9843 -0.3642, 1.3189 0.9843 -0.4823, 1.063 0.9843 -0.3642, 1.063 0.9843 -0.4823, 1.4569 0.9843 0.3708, 1.4599 0.9843 0.3642, 1.2795 0.9843 0.3642, 1.4334 0.9843 0.4082, 0.9449 0.9843 0.3642, 0.9449 0.9843 0.4823, 1.2795 0.9843 0.4823, 1.3233 0.9843 0.4773, 1.3649 0.9843 0.4628, 1.4023 0.9843 0.4393, 0.9449 0.748 0.4823, 0.9449 0.748 0.3642, 0.6693 0.748 0.4823, 0.6693 0.748 0.3642, -1.0304 0.1969 -0.4823, -1.0304 0.5906 -0.4823, -1.0236 0.1969 -0.4823, -1.0083 0.1948 -0.4823, -0.9725 0.1083 -0.4823, -0.1882 -0.2861 -0.4823, -0.9907 -0.2861 -0.4823, -0.9666 0.1531 -0.4823, -0.1032 0.5906 -0.4823, -0.9646 0.1378 -0.4823, -0.1032 -0.2861 -0.4823, -0.9666 0.1225 -0.4823, -0.9725 0.1673 -0.4823, -0.9819 0.1796 -0.4823, -0.9941 0.1889 -0.4823, -0.9941 -0.2835 -0.4823, -1.0083 -0.2776 -0.4823, -0.9819 0.096 -0.4823, -0.9941 0.0867 -0.4823, -1.0433 -0.2756 -0.4823, -1.0433 0.0787 -0.4823, -1.0236 -0.2756 -0.4823, -1.0236 0.0787 -0.4823, -1.0083 0.0808 -0.4823, -0.1685 -0.465 -0.4823, -0.1879 -0.4628 -0.4823, -0.126 -0.3172 -0.4823, -0.1224 -0.2975 -0.4823, -0.1224 -0.3191 -0.4823, -0.1032 -0.9843 -0.4823, -0.1434 -0.2889 -0.4823, -0.1633 -0.2861 -0.4823, -0.1712 -0.285 -0.4823, -0.1766 -0.2849 -0.4823, -0.2199 -0.294 -0.4823, -0.2358 -0.3041 -0.4823, -0.2857 -0.2873 -0.4823, -0.2506 -0.3197 -0.4823, -0.2857 -0.3089 -0.4823, -0.261 -0.3384 -0.4823, -0.3601 -0.4842 -0.4823, -0.3865 -0.4842 -0.4823, -1.0304 -0.9843 -0.4823, -0.3865 -0.2873 -0.4823, -0.1446 -0.4619 -0.4823, -0.1224 -0.4524 -0.4823, -0.1224 -0.4788 -0.4823, -0.2026 -0.4575 -0.4823, -0.2163 -0.4484 -0.4823, -0.2282 -0.4352 -0.4823, -0.2425 -0.3837 -0.4823, -0.2405 -0.3623 -0.4823, -0.2351 -0.3454 -0.4823, -0.1913 -0.3086 -0.4823, -0.173 -0.3065 -0.4823, -0.2057 -0.3139 -0.4823, -0.2177 -0.322 -0.4823, -0.227 -0.3318 -0.4823, -0.1468 -0.3094 -0.4823, -0.2363 -0.42 -0.4823, -0.2415 -0.399 -0.4823, -0.9819 -0.2929 -0.4823, -0.2009 -0.2874 -0.4823, -1.0304 -0.3937 -0.4823, -1.0236 -0.3937 -0.4823, -1.0083 -0.3917 -0.4823, -0.9941 -0.3858 -0.4823, -0.9819 -0.3764 -0.4823, -0.9725 -0.3642 -0.4823, -0.9666 -0.3499 -0.4823, -0.9646 -0.3346 -0.4823, -0.9666 -0.3194 -0.4823, -0.9725 -0.3051 -0.4823, -0.3601 -0.3089 -0.4823, -0.2585 -0.4323 -0.4823, -0.2469 -0.4507 -0.4823, -0.2292 -0.4678 -0.4823, -0.2105 -0.4786 -0.4823, -0.1885 -0.485 -0.4823, -0.267 -0.3592 -0.4823, -0.2689 -0.382 -0.4823, -0.266 -0.41 -0.4823, -0.1688 -0.4866 -0.4823, -0.1452 -0.485 -0.4823, 0.0168 -0.4626 -0.4823, -0.0576 -0.4626 -0.4823, -0.0576 -0.3978 -0.4823, 0.012 -0.3978 -0.4823, 0.012 -0.3762 -0.4823, 0.06 -0.2873 -0.4823, 0.0216 -0.2873 -0.4823, -0.084 -0.2873 -0.4823, -0.084 -0.4842 -0.4823, 0.0168 -0.4842 -0.4823, 0.3073 -0.4842 -0.4823, 1.0304 -0.9843 -0.4823, 0.3337 -0.4842 -0.4823, 0.06 -0.4842 -0.4823, 0.1156 -0.4842 -0.4823, 0.1887 -0.4585 -0.4823, 0.2026 -0.4431 -0.4823, 0.2117 -0.4261 -0.4823, 0.2086 -0.3413 -0.4823, 0.1973 -0.3237 -0.4823, 0.2329 -0.2873 -0.4823, 0.1811 -0.3082 -0.4823, 0.1606 -0.2962 -0.4823, 0.3817 -0.2873 -0.4823, 0.9907 -0.2861 -0.4823, 0.4105 -0.2873 -0.4823, 0.9819 -0.2929 -0.4823, 0.9725 -0.3051 -0.4823, 0.3618 -0.3425 -0.4823, 0.2805 -0.3425 -0.4823, 0.2617 -0.2873 -0.4823, 0.144 -0.4811 -0.4823, 0.167 -0.4731 -0.4823, 0.1885 -0.4587 -0.4823, 0.9666 -0.3499 -0.4823, 0.9646 -0.3346 -0.4823, 0.9666 -0.3194 -0.4823, 1.0304 -0.3937 -0.4823, 1.0236 -0.3937 -0.4823, 1.0083 -0.3917 -0.4823, 0.1379 -0.2895 -0.4823, 0.1135 -0.2873 -0.4823, 0.217 -0.4068 -0.4823, 0.2185 -0.3882 -0.4823, 0.2157 -0.3619 -0.4823, 0.9725 -0.3642 -0.4823, 0.9819 -0.3764 -0.4823, 0.9941 -0.3858 -0.4823, 0.9819 0.1796 -0.4823, 0.9941 0.1889 -0.4823, 1.0304 0.5906 -0.4823, 0.9725 0.1673 -0.4823, 0.9666 0.1531 -0.4823, 0.9646 0.1378 -0.4823, 0.9666 0.1225 -0.4823, 1.0304 0.1969 -0.4823, 1.0236 0.1969 -0.4823, 1.0083 0.1948 -0.4823, -0.0576 -0.3762 -0.4823, -0.0576 -0.3089 -0.4823, 0.0216 -0.3089 -0.4823, 0.9941 -0.2835 -0.4823, 1.0083 -0.2776 -0.4823, 0.9725 0.1083 -0.4823, 0.9819 0.096 -0.4823, 0.9941 0.0867 -0.4823, 1.0236 0.0787 -0.4823, 1.0433 0.0787 -0.4823, 1.0433 -0.2756 -0.4823, 1.0083 0.0808 -0.4823, 1.0236 -0.2756 -0.4823, -1.4764 0.6078 0.0055, -1.4764 0.5985 -0.0068, -1.4764 -0.9843 0.2854, -1.4764 0.9843 -0.0295, -1.4764 0.9843 -0.3248, -1.4764 0.7087 -0.3248, -1.4764 0.6914 0.0055, -1.4764 0.6791 0.0149, -1.4764 0.9843 0.2854, -1.4764 0.6649 0.0208, -1.4764 0.7087 -0.0363, -1.4764 0.7066 -0.021, -1.4764 0.7007 -0.0068, -1.4764 0.5926 -0.021, -1.4764 0.5906 -0.0363, -1.4764 0.1969 -0.0363, -1.4764 0.6496 0.0228, -1.4764 0.6343 0.0208, -1.4764 0.6201 0.0149, -1.4764 0.1948 -0.021, -1.4764 0.1889 -0.0068, -1.4764 0.1796 0.0055, -1.4764 -0.3346 0.0228, -1.4764 -0.3499 0.0208, -1.4764 -0.3642 0.0149, -1.4764 -0.3764 0.0055, -1.4764 0.1673 0.0149, -1.4764 0.1531 0.0208, -1.4764 0.1378 0.0228, -1.4764 -0.3937 -0.0363, -1.4764 -0.9843 -0.0363, -1.4764 -0.3917 -0.021, -1.4764 -0.3858 -0.0068, -1.4726 0.5906 -0.0747, -1.4726 0.1969 -0.0747, -1.4614 0.5906 -0.1116, -1.4614 0.1969 -0.1116, -1.4432 0.5906 -0.1456, -1.4432 0.1969 -0.1456, -1.4187 0.5906 -0.1755, -1.4187 0.1969 -0.1755, -1.4726 -0.3937 -0.0747, -1.4726 -0.9843 -0.0747, -1.4614 -0.3937 -0.1116, -1.4614 -0.9843 -0.1116, -1.4432 -0.3937 -0.1456, -1.4432 -0.9843 -0.1456, -1.4187 -0.3937 -0.1755, -1.4187 -0.9843 -0.1755, -1.1696 0.5906 -0.4246, -1.1696 0.1969 -0.4246, -1.1696 -0.9843 -0.4246, -1.1696 -0.3937 -0.4246, -1.1397 0.5906 -0.4491, -1.1397 0.1969 -0.4491, -1.1057 0.5906 -0.4673, -1.1057 0.1969 -0.4673, -1.0688 0.5906 -0.4785, -1.0688 0.1969 -0.4785, -1.1397 -0.3937 -0.4491, -1.1397 -0.9843 -0.4491, -1.1057 -0.3937 -0.4673, -1.1057 -0.9843 -0.4673, -1.0688 -0.3937 -0.4785, -1.0688 -0.9843 -0.4785, -1.3583 0.7087 -0.0363, -1.3583 0.7087 -0.3248, -1.3583 0.9843 0.0492, -1.3583 0.6649 0.0208, -1.3583 0.6791 0.0149, -1.3583 0.9843 0.2854, -1.3583 1.0073 0.0261, -1.3583 1.0236 0.0387, -1.3583 1.0426 0.0465, -1.3583 1.063 0.0492, -1.3583 0.9843 -0.3248, -1.3583 0.9843 -0.0295, -1.3583 0.9869 -0.0091, -1.3583 0.9948 0.0098, -1.3583 -0.9843 0.2854, -1.3583 0.5985 -0.0068, -1.3583 0.6078 0.0055, -1.3583 0.6914 0.0055, -1.3583 0.7007 -0.0068, -1.3583 0.7066 -0.021, -1.3583 -0.9843 -0.0363, -1.3583 -0.3937 -0.0363, -1.3583 -0.3917 -0.021, -1.3583 -0.3858 -0.0068, -1.3583 -0.3764 0.0055, -1.3583 0.1969 -0.0363, -1.3583 0.5906 -0.0363, -1.3583 0.1948 -0.021, -1.3583 0.5926 -0.021, -1.3583 0.1889 -0.0068, -1.3583 0.1796 0.0055, -1.3583 0.6201 0.0149, -1.3583 0.6343 0.0208, -1.3583 0.6496 0.0228, -1.3583 -0.3642 0.0149, -1.3583 -0.3499 0.0208, -1.3583 -0.3346 0.0228, -1.3583 0.1378 0.0228, -1.3583 0.1531 0.0208, -1.3583 0.1673 0.0149, -1.3352 0.1969 -0.092, -1.3352 0.5906 -0.092, -1.345 0.1969 -0.08, -1.345 0.5906 -0.08, -1.3523 0.1969 -0.0664, -1.3523 0.5906 -0.0664, -1.3568 0.1969 -0.0516, -1.3568 0.5906 -0.0516, -1.3352 -0.9843 -0.092, -1.3352 -0.3937 -0.092, -1.345 -0.9843 -0.08, -1.345 -0.3937 -0.08, -1.3523 -0.9843 -0.0664, -1.3523 -0.3937 -0.0664, -1.3568 -0.9843 -0.0516, -1.3568 -0.3937 -0.0516, -1.0861 0.1969 -0.3411, -1.0861 0.5906 -0.3411, -1.0861 -0.3937 -0.3411, -1.0861 -0.9843 -0.3411, -1.0304 0.1969 -0.3642, -1.0304 0.5906 -0.3642, -1.0457 0.1969 -0.3627, -1.0457 0.5906 -0.3627, -1.0605 0.1969 -0.3582, -1.0605 0.5906 -0.3582, -1.0741 0.1969 -0.3509, -1.0741 0.5906 -0.3509, -1.0304 -0.9843 -0.3642, -1.0304 -0.3937 -0.3642, -1.0457 -0.9843 -0.3627, -1.0457 -0.3937 -0.3627, -1.0605 -0.9843 -0.3582, -1.0605 -0.3937 -0.3582, -1.0741 -0.9843 -0.3509, -1.0741 -0.3937 -0.3509, 0.9646 0.1378 -0.3642, 0.9666 0.1531 -0.3642, 0.9725 -0.3642 -0.3642, 0.9666 -0.3499 -0.3642, 1.0304 0.1969 -0.3642, 1.0304 0.5906 -0.3642, 1.0236 0.1969 -0.3642, 1.0083 0.1948 -0.3642, 1.0304 -0.9843 -0.3642, 1.0304 -0.3937 -0.3642, 1.0236 -0.3937 -0.3642, 0.9725 0.1673 -0.3642, 0.9819 0.1796 -0.3642, 0.9941 0.1889 -0.3642, 1.0083 -0.3917 -0.3642, 0.9941 -0.3858 -0.3642, 0.9819 -0.3764 -0.3642, -1.0236 -0.3937 -0.3642, -1.0083 -0.3917 -0.3642, -1.0236 0.1969 -0.3642, -1.0083 0.1948 -0.3642, -0.9666 -0.3499 -0.3642, -0.9646 -0.3346 -0.3642, 0.9646 -0.3346 -0.3642, -0.9666 -0.3194 -0.3642, -0.9725 -0.3642 -0.3642, -0.9819 -0.3764 -0.3642, -0.9941 -0.3858 -0.3642, 0.9819 0.096 -0.3642, 0.9725 0.1083 -0.3642, 0.9666 0.1225 -0.3642, -0.9819 0.1796 -0.3642, -0.9941 0.1889 -0.3642, 0.9666 -0.3194 -0.3642, 0.9725 -0.3051 -0.3642, 0.9819 -0.2929 -0.3642, 0.9941 -0.2835 -0.3642, 1.0083 -0.2776 -0.3642, 1.0236 -0.2756 -0.3642, 1.0922 -0.2756 -0.3642, 1.0922 0.0787 -0.3642, 1.0236 0.0787 -0.3642, 1.0083 0.0808 -0.3642, 0.9941 0.0867 -0.3642, -0.9725 0.1673 -0.3642, -0.9666 0.1531 -0.3642, -0.9646 0.1378 -0.3642, -1.0236 0.0787 -0.3642, -1.0922 0.0787 -0.3642, -1.0922 -0.2756 -0.3642, -0.9725 -0.3051 -0.3642, -0.9819 -0.2929 -0.3642, -0.9666 0.1225 -0.3642, -0.9725 0.1083 -0.3642, -0.9819 0.096 -0.3642, -0.9941 0.0867 -0.3642, -0.9941 -0.2835 -0.3642, -1.0083 0.0808 -0.3642, -1.0083 -0.2776 -0.3642, -1.0236 -0.2756 -0.3642, 1.4187 0.1969 -0.1755, 1.4187 0.5906 -0.1755, 1.4432 0.5906 -0.1456, 1.4432 0.1969 -0.1456, 1.4614 0.5906 -0.1116, 1.4614 0.1969 -0.1116, 1.4726 0.5906 -0.0747, 1.4726 0.1969 -0.0747, 1.4764 0.5906 -0.0363, 1.4764 0.1969 -0.0363, 1.0688 0.5906 -0.4785, 1.0688 0.1969 -0.4785, 1.1057 0.5906 -0.4673, 1.1057 0.1969 -0.4673, 1.1397 0.5906 -0.4491, 1.1397 0.1969 -0.4491, 1.1696 0.5906 -0.4246, 1.1696 0.1969 -0.4246, 1.3583 0.1969 -0.0363, 1.3583 0.5906 -0.0363, 1.3568 0.1969 -0.0516, 1.3568 0.5906 -0.0516, 1.3523 0.1969 -0.0664, 1.3523 0.5906 -0.0664, 1.345 0.1969 -0.08, 1.345 0.5906 -0.08, 1.3352 0.1969 -0.092, 1.3352 0.5906 -0.092, 1.0861 0.1969 -0.3411, 1.0861 0.5906 -0.3411, 1.0741 0.1969 -0.3509, 1.0741 0.5906 -0.3509, 1.0605 0.1969 -0.3582, 1.0605 0.5906 -0.3582, 1.0457 0.1969 -0.3627, 1.0457 0.5906 -0.3627, 1.1126 -0.6286 0.4823, 1.1024 -0.6299 0.4823, 1.1024 -0.748 0.4823, 1.2795 -0.9843 0.4823, 1.1404 -0.6007 0.4823, 1.1365 -0.6102 0.4823, 0.6693 0.8661 0.4823, -0.6693 0.8661 0.4823, -0.6693 0.748 0.4823, 1.122 -0.399 0.4823, 1.1287 -0.4038 0.4823, 1.1342 -0.4099 0.4823, 1.1417 -0.5906 0.4823, 1.1302 -0.6184 0.4823, 1.122 -0.6246 0.4823, 0.7874 -0.748 0.4823, -1.2795 -0.9843 0.4823, -0.7874 -0.748 0.4823, -1.1024 -0.748 0.4823, -1.1378 -0.6076 0.4823, -1.1407 -0.5993 0.4823, 1.1383 -0.4171 0.4823, 1.1409 -0.4249 0.4823, 1.1417 -0.4331 0.4823, 1.0732 0.0774 0.4823, 1.0827 0.0735 0.4823, -1.101 0.0496 0.4823, -1.0971 0.0591 0.4823, -0.9449 0.748 0.4823, -1.0908 0.0672 0.4823, -1.0827 0.0735 0.4823, 1.1058 -0.3809 0.4823, 1.1099 -0.388 0.4823, 1.1032 -0.3731 0.4823, 1.1024 -0.3649 0.4823, 1.101 0.0496 0.4823, 1.1024 0.0394 0.4823, 1.1154 -0.3941 0.4823, 0.7874 -0.3649 0.4823, 0.7874 0.0394 0.4823, 0.7677 -0.399 0.4823, 0.7927 0.0591 0.4823, 0.7989 0.0672 0.4823, 0.8071 0.0735 0.4823, -1.1194 -0.626 0.4823, -1.1269 -0.6213 0.4823, -1.1331 -0.6151 0.4823, 0.7874 -0.6299 0.4823, 0.7772 -0.6286 0.4823, 0.7677 -0.6246 0.4823, 0.7596 -0.6184 0.4823, 0.7533 -0.6102 0.4823, 1.0908 0.0672 0.4823, 1.0971 0.0591 0.4823, -0.7989 0.0672 0.4823, -0.8071 0.0735 0.4823, -0.8166 0.0774 0.4823, -1.1024 -0.6299 0.4823, -1.1111 -0.6289 0.4823, -1.1383 -0.4171 0.4823, -1.1342 -0.4099 0.4823, -1.1287 -0.4038 0.4823, -1.122 -0.399 0.4823, 0.7494 -0.6007 0.4823, 0.748 -0.5906 0.4823, 0.748 -0.4331 0.4823, -1.1417 -0.5906 0.4823, -1.1417 -0.4331 0.4823, -1.1409 -0.4249 0.4823, 0.7494 -0.4229 0.4823, 0.7533 -0.4134 0.4823, 0.7596 -0.4052 0.4823, -1.0732 0.0774 0.4823, -1.063 0.0787 0.4823, -0.8268 0.0787 0.4823, -0.7596 -0.6184 0.4823, -0.7677 -0.6246 0.4823, -0.7772 -0.6286 0.4823, -0.7874 -0.6299 0.4823, -1.1024 0.0394 0.4823, -1.1024 -0.3649 0.4823, 0.7887 0.0496 0.4823, -0.7927 0.0591 0.4823, -0.7887 0.0496 0.4823, -0.7874 0.0394 0.4823, -0.7596 -0.4052 0.4823, -0.7533 -0.4134 0.4823, -0.7494 -0.4229 0.4823, -1.1154 -0.3941 0.4823, -1.1099 -0.388 0.4823, -1.1032 -0.3731 0.4823, -1.1058 -0.3809 0.4823, 0.7861 -0.3751 0.4823, 0.7759 -0.3927 0.4823, 0.7821 -0.3846 0.4823, 0.8166 0.0774 0.4823, 0.8268 0.0787 0.4823, 1.063 0.0787 0.4823, -0.7533 -0.6102 0.4823, -0.7494 -0.6007 0.4823, -0.748 -0.4331 0.4823, -0.748 -0.5906 0.4823, -0.7874 -0.3649 0.4823, -0.7861 -0.3751 0.4823, -0.7821 -0.3846 0.4823, -0.7759 -0.3927 0.4823, -0.7677 -0.399 0.4823, 0.7772 -0.6286 0.3642, 0.7874 -0.6299 0.3642, 0.7874 -0.748 0.3642, -1.0908 0.0672 0.3642, -0.9449 0.748 0.3642, -1.0827 0.0735 0.3642, -1.0732 0.0774 0.3642, -1.1417 -0.5906 0.3642, -1.1407 -0.5993 0.3642, -1.2795 -0.9843 0.3642, -1.1378 -0.6076 0.3642, -1.1331 -0.6151 0.3642, -0.7989 0.0672 0.3642, -0.8071 0.0735 0.3642, 0.6693 0.8661 0.3642, -0.8166 0.0774 0.3642, -0.8268 0.0787 0.3642, 1.1024 -0.748 0.3642, 1.2795 -0.9843 0.3642, -0.6693 0.8661 0.3642, -0.6693 0.748 0.3642, -1.063 0.0787 0.3642, -1.122 -0.399 0.3642, -1.1287 -0.4038 0.3642, -1.1342 -0.4099 0.3642, -1.1269 -0.6213 0.3642, -1.1194 -0.626 0.3642, -1.1111 -0.6289 0.3642, -0.7874 0.0394 0.3642, -0.7887 0.0496 0.3642, -1.1383 -0.4171 0.3642, -1.1409 -0.4249 0.3642, -1.1417 -0.4331 0.3642, -0.7874 -0.748 0.3642, -1.1024 -0.748 0.3642, -1.1024 -0.6299 0.3642, -0.7874 -0.6299 0.3642, -0.7772 -0.6286 0.3642, -0.7677 -0.6246 0.3642, 0.8166 0.0774 0.3642, 0.8071 0.0735 0.3642, -0.7533 -0.4134 0.3642, -0.7596 -0.4052 0.3642, -0.7927 0.0591 0.3642, 1.063 0.0787 0.3642, 0.8268 0.0787 0.3642, -0.7596 -0.6184 0.3642, -0.7533 -0.6102 0.3642, -0.7494 -0.6007 0.3642, -0.748 -0.5906 0.3642, 1.1024 0.0394 0.3642, 1.101 0.0496 0.3642, 1.0971 0.0591 0.3642, 1.0908 0.0672 0.3642, 1.0827 0.0735 0.3642, 1.0732 0.0774 0.3642, -1.1099 -0.388 0.3642, -1.1024 -0.3649 0.3642, -1.1058 -0.3809 0.3642, -1.1032 -0.3731 0.3642, -1.0971 0.0591 0.3642, -1.101 0.0496 0.3642, -1.1024 0.0394 0.3642, -1.1154 -0.3941 0.3642, -0.748 -0.4331 0.3642, -0.7494 -0.4229 0.3642, 0.7494 -0.4229 0.3642, 0.748 -0.4331 0.3642, 0.748 -0.5906 0.3642, 0.7494 -0.6007 0.3642, 0.7533 -0.6102 0.3642, 0.7596 -0.6184 0.3642, 0.7677 -0.6246 0.3642, 1.1024 -0.6299 0.3642, 1.1126 -0.6286 0.3642, 1.122 -0.6246 0.3642, 1.1302 -0.6184 0.3642, 1.1365 -0.6102 0.3642, 1.1404 -0.6007 0.3642, 1.1383 -0.4171 0.3642, 1.1342 -0.4099 0.3642, 0.7533 -0.4134 0.3642, 0.7874 0.0394 0.3642, 0.7596 -0.4052 0.3642, 0.7989 0.0672 0.3642, 0.7927 0.0591 0.3642, 0.7887 0.0496 0.3642, 1.1417 -0.5906 0.3642, 1.1417 -0.4331 0.3642, 1.1409 -0.4249 0.3642, -0.7677 -0.399 0.3642, -0.7759 -0.3927 0.3642, -0.7821 -0.3846 0.3642, -0.7861 -0.3751 0.3642, -0.7874 -0.3649 0.3642, 0.7677 -0.399 0.3642, 0.7874 -0.3649 0.3642, 0.7759 -0.3927 0.3642, 0.7861 -0.3751 0.3642, 0.7821 -0.3846 0.3642, 1.1287 -0.4038 0.3642, 1.122 -0.399 0.3642, 1.1024 -0.3649 0.3642, 1.1154 -0.3941 0.3642, 1.1099 -0.388 0.3642, 1.1032 -0.3731 0.3642, 1.1058 -0.3809 0.3642, -1.1024 -0.6299 0.3975, -1.1024 -0.6359 0.394, -1.1024 -0.69 0.3717, -0.7874 -0.69 0.3717, -0.7874 -0.6359 0.394, -0.7874 -0.6299 0.3975, 1.0457 -0.9843 -0.3627, 1.0688 -0.9843 -0.4785, 1.0605 -0.9843 -0.3582, 1.1057 -0.9843 -0.4673, 1.0741 -0.9843 -0.3509, 1.1397 -0.9843 -0.4491, 1.0861 -0.9843 -0.3411, 1.1696 -0.9843 -0.4246, 1.3352 -0.9843 -0.092, 1.4187 -0.9843 -0.1755, 1.345 -0.9843 -0.08, 1.4432 -0.9843 -0.1456, 1.3523 -0.9843 -0.0664, 1.4614 -0.9843 -0.1116, 1.3568 -0.9843 -0.0516, 1.4726 -0.9843 -0.0747, 1.3583 -0.9843 -0.0363, 1.4764 -0.9843 -0.0363, 1.3583 -0.9843 0.2854, 1.4764 -0.9843 0.2854, 1.3563 -0.9843 0.303, 1.4714 -0.9843 0.3292, 1.3505 -0.9843 0.3196, 1.4569 -0.9843 0.3708, 1.3411 -0.9843 0.3345, 1.4334 -0.9843 0.4082, 1.3286 -0.9843 0.347, 1.4023 -0.9843 0.4393, 1.3137 -0.9843 0.3564, 1.3649 -0.9843 0.4628, 1.297 -0.9843 0.3622, 1.3233 -0.9843 0.4773, -1.297 -0.9843 0.3622, -1.3233 -0.9843 0.4773, -1.3137 -0.9843 0.3564, -1.3649 -0.9843 0.4628, -1.3286 -0.9843 0.347, -1.4023 -0.9843 0.4393, -1.3411 -0.9843 0.3345, -1.4334 -0.9843 0.4082, -1.3505 -0.9843 0.3196, -1.4569 -0.9843 0.3708, -1.3563 -0.9843 0.303, -1.4714 -0.9843 0.3292, -1.063 0.9843 -0.3642, -1.063 0.9843 -0.4823, -1.3189 0.9843 -0.3642, -1.3189 0.9843 -0.4823, -1.3291 0.9843 -0.3628, -1.3597 0.9843 -0.4769, -1.3386 0.9843 -0.3589, -1.3976 0.9843 -0.4612, -1.3467 0.9843 -0.3526, -1.4303 0.9843 -0.4362, -1.353 0.9843 -0.3445, -1.4553 0.9843 -0.4035, -1.3569 0.9843 -0.335, -1.471 0.9843 -0.3656, 1.4187 -0.3937 -0.1755, 1.4432 -0.3937 -0.1456, 1.4614 -0.3937 -0.1116, 1.4726 -0.3937 -0.0747, 1.4764 -0.3937 -0.0363, 1.4764 0.6649 0.0208, 1.4764 0.6791 0.0149, 1.4764 0.9843 0.2854, 1.4764 0.6914 0.0055, 1.4764 0.7007 -0.0068, 1.4764 0.5985 -0.0068, 1.4764 0.6078 0.0055, 1.4764 0.6201 0.0149, 1.4764 0.6343 0.0208, 1.4764 0.6496 0.0228, 1.4764 0.7087 -0.3248, 1.4764 0.7087 -0.0363, 1.4764 0.7066 -0.021, 1.4764 0.1948 -0.021, 1.4764 0.5926 -0.021, 1.4764 0.1889 -0.0068, 1.4764 0.1796 0.0055, 1.4764 -0.3858 -0.0068, 1.4764 -0.3764 0.0055, 1.4764 -0.3917 -0.021, 1.4764 -0.3642 0.0149, 1.4764 -0.3499 0.0208, 1.4764 -0.3346 0.0228, 1.4764 0.1378 0.0228, 1.4764 0.1531 0.0208, 1.4764 0.1673 0.0149, 1.4675 0.9869 0.3438, 1.4641 0.9849 0.354, 1.4764 0.9853 0.2868, 1.4746 1.0044 0.3115, 1.4724 0.9948 0.3248, 1.4714 0.9924 0.3292, -1.4724 0.9948 0.3248, -1.4714 0.9924 0.3292, -1.4675 0.9869 0.3438, -1.4746 1.0044 0.3115, -1.4764 0.9853 0.2868, -1.4641 0.9849 0.354, 1.0688 -0.3937 -0.4785, 1.1057 -0.3937 -0.4673, 1.1397 -0.3937 -0.4491, 1.1696 -0.3937 -0.4246, 1.3583 -0.3937 -0.0363, 1.3568 -0.3937 -0.0516, 1.3523 -0.3937 -0.0664, 1.345 -0.3937 -0.08, 1.3352 -0.3937 -0.092, 1.3583 0.7087 -0.3248, 1.3583 0.6078 0.0055, 1.3583 0.5985 -0.0068, 1.3583 1.063 0.0492, 1.3583 1.0426 0.0465, 1.3583 0.9843 0.0492, 1.3583 1.0236 0.0387, 1.3583 0.7007 -0.0068, 1.3583 0.9843 0.2854, 1.3583 0.7066 -0.021, 1.3583 0.7087 -0.0363, 1.3583 1.0073 0.0261, 1.3583 0.9948 0.0098, 1.3583 0.9869 -0.0091, 1.3583 0.6914 0.0055, 1.3583 0.6791 0.0149, 1.3583 0.6649 0.0208, 1.3583 0.6496 0.0228, 1.3583 0.6343 0.0208, 1.3583 0.6201 0.0149, 1.3583 0.5926 -0.021, 1.3583 0.1796 0.0055, 1.3583 0.1889 -0.0068, 1.3583 0.1948 -0.021, 1.3583 -0.3346 0.0228, 1.3583 -0.3499 0.0208, 1.3583 -0.3642 0.0149, 1.3583 -0.3764 0.0055, 1.3583 -0.3917 -0.021, 1.3583 -0.3858 -0.0068, 1.3583 0.1673 0.0149, 1.3583 0.1531 0.0208, 1.3583 0.1378 0.0228, 1.358 1.0328 0.2914, 1.3582 1.0426 0.2881, 1.3583 1.0527 0.2861, 1.3583 1.063 0.2854, 1.3505 0.9981 0.3196, 1.3548 1.0073 0.3085, 1.3563 1.0135 0.303, 1.3576 1.0236 0.296, 1.3286 0.9861 0.347, 1.3324 0.9869 0.3438, 1.3411 0.99 0.3345, 1.3477 0.9948 0.3248, 1.3137 0.9846 0.3564, 1.297 0.9843 0.3622, -1.297 0.9843 0.3622, -1.3137 0.9846 0.3564, -1.3286 0.9861 0.347, -1.3324 0.9869 0.3438, -1.3411 0.99 0.3345, -1.3563 1.0135 0.303, -1.3548 1.0073 0.3085, -1.3505 0.9981 0.3196, -1.3477 0.9948 0.3248, -1.3583 1.063 0.2854, -1.3583 1.0527 0.2861, -1.3582 1.0426 0.2881, -1.358 1.0328 0.2914, -1.3576 1.0236 0.296, 1.0861 -0.3937 -0.3411, 1.0741 -0.3937 -0.3509, 1.0605 -0.3937 -0.3582, 1.0457 -0.3937 -0.3627, 1.3189 0.7087 -0.4823, 1.063 0.7087 -0.4823, 1.0118 0.9547 -0.4823, 1.0212 0.967 -0.4823, 1.0335 0.9763 -0.4823, 1.0059 0.9405 -0.4823, 1.0477 0.9822 -0.4823, 1.0477 0.7107 -0.4823, 1.0059 0.7524 -0.4823, 1.0039 0.7677 -0.4823, 1.0039 0.9252 -0.4823, 1.0335 0.7166 -0.4823, 1.0212 0.726 -0.4823, 1.0118 0.7382 -0.4823, 1.3597 0.7087 -0.4769, 1.3976 0.7087 -0.4612, 1.4303 0.7087 -0.4362, 1.4553 0.7087 -0.4035, 1.471 0.7087 -0.3656, 1.3569 0.7087 -0.335, 1.353 0.7087 -0.3445, 1.3467 0.7087 -0.3526, 1.3386 0.7087 -0.3589, 1.3291 0.7087 -0.3628, 1.3189 0.7087 -0.3642, 1.0477 0.7107 -0.3642, 1.063 0.7087 -0.3642, 1.0039 0.7677 -0.3642, 1.0039 0.9252 -0.3642, 1.0118 0.7382 -0.3642, 1.0212 0.726 -0.3642, 1.0335 0.7166 -0.3642, 1.0477 0.9822 -0.3642, 1.0059 0.9405 -0.3642, 1.0335 0.9763 -0.3642, 1.0118 0.9547 -0.3642, 1.0212 0.967 -0.3642, 1.0059 0.7524 -0.3642, -1.063 0.7087 -0.4823, -1.3189 0.7087 -0.4823, -1.0039 0.9252 -0.4823, -1.0477 0.9822 -0.4823, -1.0118 0.9547 -0.4823, -1.0059 0.9405 -0.4823, -1.0212 0.967 -0.4823, -1.0335 0.9763 -0.4823, -1.0335 0.7166 -0.4823, -1.0059 0.7524 -0.4823, -1.0212 0.726 -0.4823, -1.0118 0.7382 -0.4823, -1.0039 0.7677 -0.4823, -1.0477 0.7107 -0.4823, -1.0039 0.7677 -0.3642, -1.0039 0.9252 -0.3642, -1.0335 0.9763 -0.3642, -1.0477 0.9822 -0.3642, -1.3189 0.7087 -0.3642, -1.063 0.7087 -0.3642, -1.0477 0.7107 -0.3642, -1.0335 0.7166 -0.3642, -1.0212 0.967 -0.3642, -1.0059 0.9405 -0.3642, -1.0118 0.9547 -0.3642, -1.0212 0.726 -0.3642, -1.0118 0.7382 -0.3642, -1.0059 0.7524 -0.3642, -1.3291 0.7087 -0.3628, -1.3386 0.7087 -0.3589, -1.3467 0.7087 -0.3526, -1.353 0.7087 -0.3445, -1.3569 0.7087 -0.335, -1.471 0.7087 -0.3656, -1.4553 0.7087 -0.4035, -1.4303 0.7087 -0.4362, -1.3976 0.7087 -0.4612, -1.3597 0.7087 -0.4769, -1.1024 -0.5306 0.5293, -1.1024 -0.5534 0.4755, -1.1024 -0.5894 0.4293, -1.1024 -0.7204 0.4859, -1.1024 -0.6946 0.4965, -1.1024 -0.6724 0.5134, -1.1024 -0.6552 0.5354, -1.1024 -0.6443 0.561, -0.7874 -0.6552 0.5354, -0.7874 -0.6724 0.5134, -0.7874 -0.5894 0.4293, -0.7874 -0.6443 0.561, -0.7874 -0.5306 0.5293, -0.7874 -0.5534 0.4755, -0.7874 -0.6946 0.4965, -0.7874 -0.7204 0.4859, 0.7874 -0.6299 0.3975, 1.1024 -0.6299 0.3975, 1.1024 -0.69 0.3717, 1.1024 -0.6359 0.394, 0.7874 -0.6359 0.394, 0.7874 -0.69 0.3717, 1.1024 -0.7204 0.4859, 1.1024 -0.6946 0.4965, 1.1024 -0.5306 0.5293, 1.1024 -0.6443 0.561, 1.1024 -0.6552 0.5354, 1.1024 -0.5894 0.4293, 1.1024 -0.5534 0.4755, 1.1024 -0.6724 0.5134, 0.7874 -0.7204 0.4859, 0.7874 -0.5306 0.5293, 0.7874 -0.5534 0.4755, 0.7874 -0.5894 0.4293, 0.7874 -0.6946 0.4965, 0.7874 -0.6724 0.5134, 0.7874 -0.6552 0.5354, 0.7874 -0.6443 0.561, 0.7874 -0.6443 0.561
            ]
        }
        coordIndex [
            0,1,2,-1,2,1,3,-1,4,5,3,-1,3,5,6,-1,3,6,7,-1,7,8,3,-1,3,8,9,-1,3,9,2,-1,10,11,12,-1,12,11,13,-1,12,13,14,-1,14,13,15,-1,14,15,16,-1,16,15,17,-1,16,17,18,-1,18,17,19,-1,18,19,20,-1,20,19,21,-1,20,21,22,-1,22,21,23,-1,22,23,24,-1,24,23,25,-1,24,25,26,-1,26,25,27,-1,28,29,30,-1,28,30,31,-1,32,33,30,-1,30,33,34,-1,30,34,35,-1,35,36,30,-1,30,36,37,-1,30,37,31,-1,38,39,40,-1,40,39,41,-1,42,43,44,-1,44,43,45,-1,46,47,48,-1,49,50,51,-1,51,50,52,-1,51,52,53,-1,49,54,50,-1,50,54,55,-1,50,55,43,-1,43,55,56,-1,43,56,45,-1,48,57,46,-1,46,57,58,-1,46,58,59,-1,59,58,60,-1,61,62,63,-1,63,62,64,-1,63,64,58,-1,58,64,65,-1,58,65,60,-1,66,67,68,-1,69,52,70,-1,70,52,71,-1,69,72,52,-1,52,72,73,-1,52,73,53,-1,53,73,74,-1,53,74,46,-1,46,74,75,-1,46,75,47,-1,76,77,78,-1,78,77,79,-1,78,79,80,-1,80,79,81,-1,82,71,83,-1,83,71,84,-1,83,84,85,-1,66,68,86,-1,86,68,70,-1,86,70,87,-1,87,70,71,-1,87,71,88,-1,67,89,68,-1,68,89,90,-1,68,90,91,-1,92,93,68,-1,68,93,94,-1,95,96,97,-1,97,96,98,-1,94,99,68,-1,68,99,98,-1,68,98,100,-1,100,98,96,-1,91,101,68,-1,68,101,102,-1,68,102,92,-1,103,48,85,-1,85,48,47,-1,85,47,78,-1,78,47,104,-1,78,104,76,-1,105,106,84,-1,84,106,107,-1,84,107,85,-1,85,107,108,-1,85,108,109,-1,109,110,85,-1,85,110,111,-1,85,111,112,-1,112,113,85,-1,85,113,114,-1,85,114,103,-1,82,115,80,-1,116,117,82,-1,82,117,118,-1,82,118,71,-1,71,118,119,-1,71,119,120,-1,81,121,80,-1,80,121,122,-1,80,122,82,-1,82,122,123,-1,82,123,116,-1,120,124,71,-1,71,124,125,-1,71,125,88,-1,126,127,128,-1,129,130,131,-1,132,133,52,-1,52,133,134,-1,52,134,71,-1,71,134,135,-1,71,136,137,-1,137,136,138,-1,128,129,126,-1,126,129,131,-1,126,131,135,-1,135,131,139,-1,135,139,71,-1,71,139,140,-1,141,142,136,-1,136,142,143,-1,144,145,146,-1,146,145,147,-1,146,147,148,-1,149,150,151,-1,151,150,152,-1,151,152,153,-1,154,155,149,-1,149,155,156,-1,149,156,150,-1,150,156,146,-1,140,157,71,-1,71,157,158,-1,71,158,136,-1,136,158,159,-1,136,159,141,-1,160,138,161,-1,161,138,151,-1,161,151,162,-1,162,151,153,-1,163,137,164,-1,164,137,165,-1,148,166,146,-1,146,166,167,-1,146,167,150,-1,150,167,131,-1,143,168,136,-1,136,168,169,-1,136,169,146,-1,146,169,170,-1,146,170,144,-1,160,171,138,-1,138,171,172,-1,138,172,137,-1,137,172,173,-1,137,173,165,-1,174,50,175,-1,175,50,176,-1,174,177,50,-1,50,177,178,-1,50,178,52,-1,52,178,179,-1,52,179,180,-1,181,182,176,-1,176,182,183,-1,176,183,175,-1,184,185,130,-1,130,185,186,-1,130,186,131,-1,131,186,132,-1,131,132,150,-1,150,132,52,-1,150,52,187,-1,187,52,180,-1,187,180,188,-1,180,189,188,-1,188,189,190,-1,188,190,191,-1,192,193,194,-1,191,195,188,-1,188,195,192,-1,188,192,196,-1,196,192,194,-1,197,198,199,-1,200,201,202,-1,203,204,205,-1,205,204,206,-1,202,207,200,-1,200,207,208,-1,200,208,205,-1,205,208,209,-1,205,209,203,-1,210,211,212,-1,206,213,205,-1,205,213,214,-1,205,214,199,-1,199,214,215,-1,199,215,197,-1,212,216,210,-1,210,216,217,-1,210,217,198,-1,198,217,218,-1,219,220,199,-1,199,220,221,-1,199,221,222,-1,218,223,198,-1,198,223,224,-1,198,224,199,-1,199,224,225,-1,199,225,219,-1,226,227,228,-1,228,227,199,-1,228,199,229,-1,229,199,222,-1,212,211,230,-1,212,230,231,-1,231,230,232,-1,231,232,233,-1,233,232,234,-1,233,234,235,-1,235,234,236,-1,235,236,237,-1,227,226,238,-1,227,238,239,-1,239,238,240,-1,239,240,241,-1,241,240,242,-1,241,242,243,-1,243,242,244,-1,243,244,245,-1,236,246,237,-1,237,246,247,-1,248,245,249,-1,249,245,244,-1,247,246,250,-1,247,250,251,-1,251,250,252,-1,251,252,253,-1,253,252,254,-1,253,254,255,-1,255,254,43,-1,255,43,42,-1,248,249,256,-1,248,256,257,-1,257,256,258,-1,257,258,259,-1,259,258,260,-1,259,260,261,-1,261,260,105,-1,261,105,84,-1,262,263,264,-1,265,266,267,-1,268,269,264,-1,264,269,270,-1,264,270,271,-1,272,273,263,-1,263,273,274,-1,263,274,264,-1,264,274,275,-1,264,275,268,-1,276,277,278,-1,266,279,267,-1,267,279,280,-1,267,280,264,-1,264,280,281,-1,264,281,262,-1,276,282,283,-1,283,284,276,-1,276,284,285,-1,276,285,286,-1,287,288,289,-1,289,288,290,-1,289,290,291,-1,291,290,277,-1,291,277,292,-1,278,293,276,-1,276,293,294,-1,276,294,267,-1,267,294,295,-1,267,295,265,-1,286,296,276,-1,276,296,297,-1,276,297,298,-1,298,299,276,-1,276,299,300,-1,276,300,277,-1,277,300,301,-1,277,301,292,-1,302,303,304,-1,304,303,305,-1,304,305,306,-1,306,305,307,-1,306,307,308,-1,308,307,309,-1,308,309,287,-1,287,309,288,-1,310,311,312,-1,312,311,313,-1,312,313,314,-1,314,313,315,-1,314,315,316,-1,316,315,317,-1,316,317,282,-1,282,317,283,-1,318,319,302,-1,302,319,303,-1,311,310,320,-1,320,310,321,-1,322,323,324,-1,324,323,325,-1,324,325,326,-1,326,325,327,-1,326,327,328,-1,328,327,329,-1,328,329,318,-1,318,329,319,-1,330,331,332,-1,332,331,333,-1,332,333,334,-1,334,333,335,-1,334,335,336,-1,336,335,337,-1,336,337,321,-1,321,337,320,-1,338,339,323,-1,340,341,330,-1,342,343,344,-1,344,343,345,-1,346,347,348,-1,339,349,323,-1,323,349,350,-1,323,350,343,-1,343,350,351,-1,343,351,345,-1,348,352,346,-1,346,352,353,-1,346,353,330,-1,330,353,354,-1,330,354,340,-1,331,330,355,-1,355,330,356,-1,322,357,323,-1,323,357,358,-1,359,341,360,-1,360,341,361,-1,360,361,362,-1,359,363,341,-1,341,363,364,-1,341,364,330,-1,330,364,365,-1,330,365,356,-1,366,367,323,-1,323,367,368,-1,323,368,338,-1,369,361,370,-1,370,361,371,-1,370,371,358,-1,358,371,372,-1,358,372,323,-1,323,372,373,-1,323,373,366,-1,366,373,374,-1,366,374,375,-1,376,377,378,-1,378,379,376,-1,376,379,380,-1,376,380,375,-1,375,380,381,-1,375,381,366,-1,369,382,361,-1,361,382,383,-1,361,383,384,-1,385,386,387,-1,362,361,388,-1,388,361,384,-1,388,384,389,-1,389,384,390,-1,389,390,391,-1,391,392,389,-1,389,392,393,-1,389,393,394,-1,394,393,395,-1,394,395,396,-1,396,395,385,-1,396,385,397,-1,397,385,387,-1,398,399,400,-1,398,400,401,-1,401,400,402,-1,401,402,403,-1,403,402,404,-1,403,404,405,-1,405,404,406,-1,405,406,407,-1,181,176,408,-1,181,408,409,-1,409,408,410,-1,409,410,411,-1,411,410,412,-1,411,412,413,-1,413,412,414,-1,413,414,415,-1,415,414,398,-1,398,414,399,-1,416,417,418,-1,418,417,419,-1,418,419,420,-1,420,419,421,-1,420,421,422,-1,422,421,423,-1,422,423,424,-1,424,423,425,-1,426,427,428,-1,428,427,429,-1,428,429,430,-1,430,429,431,-1,430,431,432,-1,432,431,433,-1,432,433,342,-1,342,433,343,-1,425,427,424,-1,424,427,426,-1,434,435,436,-1,437,438,439,-1,440,441,40,-1,40,441,442,-1,443,444,34,-1,34,444,445,-1,438,437,446,-1,439,447,437,-1,437,447,448,-1,437,448,434,-1,434,436,437,-1,437,436,449,-1,437,449,450,-1,450,449,451,-1,450,451,452,-1,453,454,450,-1,34,33,38,-1,445,455,34,-1,34,455,456,-1,34,456,437,-1,437,456,457,-1,437,457,446,-1,458,459,38,-1,460,461,462,-1,462,461,463,-1,462,463,464,-1,465,466,467,-1,467,466,468,-1,38,469,34,-1,34,469,470,-1,34,470,443,-1,443,470,468,-1,443,468,471,-1,471,468,466,-1,472,473,474,-1,475,476,40,-1,40,476,477,-1,478,479,450,-1,450,479,480,-1,450,480,453,-1,481,482,449,-1,449,482,483,-1,449,483,451,-1,451,483,484,-1,451,484,485,-1,459,486,38,-1,38,486,487,-1,38,487,469,-1,488,40,489,-1,489,40,442,-1,489,442,490,-1,452,491,450,-1,450,491,492,-1,450,492,478,-1,493,494,2,-1,2,494,495,-1,2,495,496,-1,485,497,451,-1,451,497,498,-1,451,498,499,-1,454,500,450,-1,450,500,501,-1,450,501,2,-1,2,501,502,-1,2,502,493,-1,499,503,451,-1,451,503,504,-1,451,504,505,-1,464,506,462,-1,462,506,507,-1,462,507,442,-1,442,507,508,-1,442,508,490,-1,509,510,451,-1,451,510,511,-1,451,511,512,-1,462,0,460,-1,460,0,2,-1,460,2,513,-1,513,2,496,-1,513,496,514,-1,475,40,515,-1,515,40,451,-1,515,451,473,-1,473,451,505,-1,473,505,474,-1,488,516,40,-1,40,516,517,-1,40,517,518,-1,519,520,40,-1,40,520,521,-1,496,522,514,-1,514,522,523,-1,514,523,524,-1,524,523,525,-1,472,474,526,-1,526,474,527,-1,526,527,528,-1,477,529,40,-1,40,529,530,-1,40,530,38,-1,38,530,531,-1,38,531,458,-1,509,451,532,-1,532,451,40,-1,532,40,533,-1,521,534,40,-1,40,534,535,-1,40,535,533,-1,518,536,40,-1,40,536,537,-1,40,537,538,-1,538,539,40,-1,40,539,540,-1,40,540,519,-1,541,542,543,-1,544,545,546,-1,546,545,547,-1,548,549,550,-1,550,549,551,-1,550,551,552,-1,553,554,555,-1,555,554,556,-1,555,556,557,-1,543,558,559,-1,560,555,561,-1,561,555,557,-1,561,557,545,-1,545,557,562,-1,545,562,547,-1,563,564,3,-1,3,564,565,-1,552,566,550,-1,550,566,567,-1,550,567,568,-1,569,570,41,-1,565,571,3,-1,3,571,572,-1,3,572,550,-1,550,572,573,-1,550,573,548,-1,543,559,574,-1,574,559,550,-1,574,550,575,-1,575,550,568,-1,575,568,576,-1,577,578,574,-1,574,578,579,-1,41,580,581,-1,3,1,545,-1,41,582,583,-1,41,570,555,-1,555,570,584,-1,555,584,553,-1,32,30,39,-1,39,30,585,-1,39,585,41,-1,41,585,586,-1,41,586,580,-1,579,587,574,-1,574,587,588,-1,574,588,41,-1,41,588,589,-1,41,589,590,-1,591,592,30,-1,30,592,593,-1,30,593,594,-1,594,595,30,-1,30,595,596,-1,30,596,585,-1,597,598,599,-1,599,598,600,-1,544,601,545,-1,545,601,602,-1,545,602,3,-1,3,602,603,-1,3,603,563,-1,563,603,598,-1,563,598,604,-1,604,598,597,-1,590,605,41,-1,41,605,606,-1,41,606,582,-1,607,608,574,-1,574,608,609,-1,574,609,610,-1,610,611,574,-1,574,611,612,-1,574,612,543,-1,543,612,613,-1,543,613,541,-1,558,614,559,-1,559,614,615,-1,559,615,616,-1,616,617,559,-1,559,617,618,-1,559,618,619,-1,30,620,621,-1,607,574,622,-1,622,574,623,-1,622,623,624,-1,581,625,41,-1,41,625,626,-1,41,626,574,-1,574,626,627,-1,574,627,623,-1,619,628,559,-1,559,628,629,-1,559,629,30,-1,30,629,630,-1,30,630,620,-1,583,631,41,-1,41,631,632,-1,41,632,633,-1,633,634,41,-1,41,634,635,-1,41,635,569,-1,624,623,636,-1,636,623,637,-1,636,637,638,-1,638,637,639,-1,638,639,640,-1,621,641,30,-1,30,641,642,-1,30,642,591,-1,591,642,643,-1,642,644,643,-1,643,644,645,-1,643,645,646,-1,646,645,647,-1,468,470,643,-1,643,470,591,-1,637,623,472,-1,472,623,473,-1,648,649,576,-1,576,649,650,-1,576,650,575,-1,574,651,577,-1,577,651,652,-1,577,652,653,-1,261,84,330,-1,330,84,71,-1,330,71,346,-1,346,71,137,-1,346,137,654,-1,654,137,655,-1,654,655,656,-1,656,655,657,-1,656,657,658,-1,658,657,659,-1,658,659,660,-1,660,659,661,-1,660,661,662,-1,662,661,663,-1,662,663,664,-1,664,663,665,-1,664,665,666,-1,666,665,667,-1,666,667,668,-1,668,667,669,-1,668,669,670,-1,670,669,671,-1,670,671,672,-1,672,671,673,-1,672,673,674,-1,674,673,675,-1,674,675,676,-1,676,675,677,-1,676,677,678,-1,678,677,679,-1,678,679,680,-1,680,679,681,-1,680,681,682,-1,682,681,683,-1,682,683,684,-1,684,683,685,-1,684,685,559,-1,559,685,437,-1,559,437,550,-1,550,437,450,-1,550,450,686,-1,686,450,687,-1,686,687,688,-1,688,687,689,-1,688,689,690,-1,690,689,691,-1,690,691,692,-1,692,691,693,-1,692,693,694,-1,694,693,695,-1,694,695,696,-1,696,695,697,-1,696,697,276,-1,276,697,199,-1,276,199,282,-1,282,199,227,-1,282,227,316,-1,316,227,239,-1,316,239,314,-1,314,239,241,-1,314,241,312,-1,312,241,243,-1,312,243,310,-1,310,243,245,-1,310,245,321,-1,321,245,248,-1,321,248,336,-1,336,248,257,-1,336,257,334,-1,334,257,259,-1,334,259,332,-1,332,259,261,-1,332,261,330,-1,698,699,700,-1,700,699,701,-1,700,701,702,-1,702,701,703,-1,702,703,704,-1,704,703,705,-1,704,705,706,-1,706,705,707,-1,706,707,708,-1,708,707,709,-1,708,709,710,-1,710,709,711,-1,710,711,272,-1,272,711,201,-1,272,201,273,-1,273,201,200,-1,663,712,713,-1,663,713,665,-1,665,713,714,-1,665,714,667,-1,667,714,715,-1,667,715,669,-1,669,715,716,-1,669,716,671,-1,717,718,719,-1,718,720,719,-1,719,720,721,-1,719,721,11,-1,673,722,723,-1,723,724,673,-1,673,724,725,-1,673,725,719,-1,719,725,726,-1,719,726,717,-1,727,13,728,-1,728,13,11,-1,728,11,729,-1,729,11,721,-1,407,406,730,-1,730,406,731,-1,730,731,732,-1,732,731,722,-1,732,722,733,-1,673,734,735,-1,671,716,673,-1,673,716,736,-1,673,736,734,-1,735,737,673,-1,673,737,738,-1,673,738,739,-1,739,740,673,-1,673,740,741,-1,673,741,722,-1,722,741,742,-1,722,742,733,-1,677,31,679,-1,679,31,37,-1,679,37,681,-1,681,37,36,-1,681,36,683,-1,683,36,35,-1,683,35,685,-1,685,35,34,-1,685,34,437,-1,743,744,675,-1,675,744,29,-1,675,29,677,-1,677,29,28,-1,677,28,31,-1,745,746,747,-1,719,745,673,-1,673,745,747,-1,673,747,675,-1,675,747,748,-1,675,748,743,-1,749,199,750,-1,750,199,697,-1,750,697,751,-1,749,752,199,-1,199,752,753,-1,199,753,205,-1,5,4,697,-1,697,4,754,-1,697,754,751,-1,697,695,5,-1,5,695,693,-1,5,693,6,-1,6,693,691,-1,6,691,7,-1,7,691,689,-1,7,689,8,-1,8,689,687,-1,8,687,9,-1,9,687,450,-1,9,450,2,-1,137,163,755,-1,137,755,655,-1,655,755,756,-1,655,756,657,-1,657,756,757,-1,657,757,659,-1,659,757,758,-1,659,758,661,-1,712,663,758,-1,758,663,661,-1,670,759,668,-1,668,759,760,-1,668,760,666,-1,666,760,761,-1,666,761,664,-1,664,761,762,-1,664,762,662,-1,662,762,763,-1,10,12,764,-1,765,766,672,-1,767,768,769,-1,769,768,770,-1,771,772,773,-1,773,772,769,-1,773,769,774,-1,774,769,764,-1,770,775,769,-1,769,775,776,-1,769,776,764,-1,764,776,777,-1,764,777,10,-1,771,778,772,-1,772,778,779,-1,772,779,780,-1,780,781,772,-1,772,781,782,-1,772,782,672,-1,672,782,783,-1,672,783,765,-1,784,417,416,-1,785,766,786,-1,786,766,784,-1,786,784,787,-1,787,784,416,-1,788,789,672,-1,672,789,790,-1,672,790,791,-1,759,670,792,-1,792,670,672,-1,792,672,793,-1,793,672,791,-1,785,794,766,-1,766,794,795,-1,766,795,672,-1,672,795,796,-1,672,796,788,-1,772,672,674,-1,797,798,772,-1,772,798,799,-1,772,799,800,-1,674,676,801,-1,801,802,674,-1,674,802,803,-1,674,803,772,-1,772,803,804,-1,772,804,797,-1,805,806,678,-1,678,806,807,-1,678,807,676,-1,676,807,808,-1,676,808,801,-1,678,680,805,-1,805,680,682,-1,805,682,809,-1,809,682,684,-1,809,684,810,-1,810,684,559,-1,810,559,30,-1,3,550,686,-1,3,686,811,-1,811,686,688,-1,811,688,812,-1,812,688,690,-1,812,690,813,-1,813,690,814,-1,814,690,692,-1,814,692,815,-1,694,696,816,-1,816,817,694,-1,694,817,818,-1,694,818,692,-1,692,818,819,-1,692,819,815,-1,820,821,267,-1,267,821,822,-1,267,822,823,-1,696,276,816,-1,816,276,267,-1,816,267,824,-1,824,267,823,-1,660,825,658,-1,658,825,826,-1,658,826,656,-1,656,826,827,-1,656,827,654,-1,654,827,828,-1,654,828,346,-1,346,828,347,-1,660,662,825,-1,825,662,763,-1,417,406,419,-1,419,406,404,-1,419,404,421,-1,421,404,402,-1,421,402,423,-1,423,402,400,-1,423,400,425,-1,425,400,399,-1,425,399,427,-1,427,399,414,-1,427,414,429,-1,429,414,412,-1,429,412,431,-1,431,412,410,-1,431,410,433,-1,433,410,408,-1,433,408,343,-1,408,176,343,-1,343,176,50,-1,343,50,323,-1,323,50,43,-1,323,43,325,-1,325,43,254,-1,325,254,327,-1,327,254,252,-1,327,252,329,-1,329,252,250,-1,329,250,319,-1,319,250,246,-1,319,246,303,-1,303,246,236,-1,303,236,305,-1,305,236,234,-1,305,234,307,-1,307,234,232,-1,307,232,309,-1,309,232,230,-1,309,230,288,-1,288,230,211,-1,25,829,27,-1,27,829,830,-1,831,832,833,-1,831,833,834,-1,834,833,835,-1,834,835,27,-1,836,837,830,-1,830,837,838,-1,830,838,27,-1,27,838,839,-1,27,839,834,-1,836,840,837,-1,837,840,841,-1,837,841,842,-1,829,25,23,-1,829,23,843,-1,843,23,21,-1,843,21,844,-1,844,21,19,-1,844,19,845,-1,845,19,17,-1,845,17,846,-1,846,17,15,-1,846,15,847,-1,847,15,13,-1,847,13,727,-1,764,12,848,-1,848,12,14,-1,848,14,849,-1,849,14,16,-1,849,16,850,-1,850,16,18,-1,850,18,851,-1,851,18,20,-1,851,20,852,-1,852,20,22,-1,852,22,853,-1,853,22,24,-1,854,855,856,-1,856,855,857,-1,858,859,860,-1,853,24,855,-1,855,24,26,-1,855,26,857,-1,857,26,861,-1,857,861,862,-1,862,861,863,-1,862,863,864,-1,864,863,865,-1,854,856,860,-1,860,856,866,-1,860,866,858,-1,856,857,838,-1,838,857,839,-1,855,830,853,-1,853,830,829,-1,853,829,852,-1,852,829,843,-1,852,843,851,-1,851,843,844,-1,851,844,850,-1,850,844,845,-1,850,845,849,-1,849,845,846,-1,849,846,848,-1,848,846,847,-1,848,847,764,-1,764,847,727,-1,764,727,774,-1,774,727,728,-1,830,855,854,-1,830,854,836,-1,836,854,860,-1,836,860,840,-1,840,860,859,-1,840,859,841,-1,841,859,858,-1,841,858,842,-1,842,858,866,-1,842,866,837,-1,837,866,856,-1,837,856,838,-1,26,27,835,-1,26,835,861,-1,861,835,833,-1,861,833,863,-1,863,833,832,-1,863,832,865,-1,865,832,831,-1,865,831,864,-1,864,831,834,-1,864,834,862,-1,862,834,839,-1,862,839,857,-1,406,417,731,-1,731,417,784,-1,731,784,722,-1,722,784,766,-1,722,766,723,-1,723,766,765,-1,723,765,724,-1,724,765,783,-1,724,783,725,-1,725,783,782,-1,725,782,726,-1,726,782,781,-1,726,781,717,-1,717,781,780,-1,717,780,718,-1,718,780,779,-1,718,779,720,-1,720,779,778,-1,720,778,721,-1,721,778,771,-1,721,771,729,-1,729,771,773,-1,729,773,728,-1,728,773,774,-1,867,868,701,-1,867,701,869,-1,869,701,699,-1,869,699,870,-1,871,872,873,-1,873,872,869,-1,873,869,874,-1,874,869,870,-1,875,876,877,-1,877,876,878,-1,869,879,867,-1,867,879,876,-1,867,876,880,-1,880,876,875,-1,879,869,881,-1,881,869,882,-1,883,884,882,-1,882,884,698,-1,882,698,700,-1,700,885,882,-1,882,885,886,-1,882,886,881,-1,881,886,887,-1,881,887,888,-1,883,882,889,-1,889,882,890,-1,889,890,891,-1,892,893,888,-1,888,893,894,-1,888,894,881,-1,885,700,895,-1,895,700,702,-1,895,702,896,-1,896,702,704,-1,896,704,897,-1,897,704,706,-1,897,706,898,-1,898,706,708,-1,898,708,899,-1,899,708,710,-1,899,710,263,-1,263,710,272,-1,202,201,711,-1,202,711,900,-1,900,711,709,-1,900,709,901,-1,901,709,707,-1,901,707,902,-1,902,707,705,-1,902,705,903,-1,903,705,703,-1,903,703,904,-1,904,703,701,-1,904,701,868,-1,262,207,263,-1,263,207,202,-1,263,202,899,-1,899,202,900,-1,899,900,898,-1,898,900,901,-1,898,901,897,-1,897,901,902,-1,897,902,896,-1,896,902,903,-1,896,903,895,-1,895,903,904,-1,895,904,885,-1,885,904,868,-1,885,868,886,-1,886,868,867,-1,886,867,880,-1,886,880,887,-1,887,880,875,-1,887,875,888,-1,888,875,877,-1,888,877,892,-1,892,877,878,-1,892,878,893,-1,893,878,876,-1,893,876,894,-1,894,876,879,-1,894,879,881,-1,699,698,884,-1,699,884,870,-1,870,884,883,-1,870,883,874,-1,874,883,889,-1,874,889,873,-1,873,889,891,-1,873,891,871,-1,871,891,890,-1,871,890,872,-1,872,890,882,-1,872,882,869,-1,288,211,290,-1,290,211,210,-1,290,210,277,-1,277,210,198,-1,277,198,278,-1,278,198,197,-1,278,197,293,-1,293,197,215,-1,293,215,294,-1,294,215,214,-1,294,214,295,-1,295,214,213,-1,207,262,208,-1,208,262,281,-1,208,281,209,-1,209,281,280,-1,209,280,203,-1,203,280,279,-1,203,279,204,-1,204,279,266,-1,204,266,206,-1,206,266,265,-1,206,265,213,-1,213,265,295,-1,32,39,33,-1,33,39,38,-1,561,545,442,-1,442,545,462,-1,545,1,462,-1,462,1,0,-1,598,603,514,-1,514,603,513,-1,508,507,557,-1,557,507,562,-1,536,518,635,-1,635,518,569,-1,605,590,534,-1,534,590,535,-1,501,500,573,-1,573,500,548,-1,501,573,502,-1,502,573,572,-1,502,572,493,-1,493,572,571,-1,493,571,494,-1,494,571,565,-1,494,565,495,-1,495,565,564,-1,495,564,496,-1,496,564,563,-1,540,631,519,-1,519,631,583,-1,519,583,520,-1,520,583,582,-1,520,582,521,-1,521,582,606,-1,521,606,534,-1,534,606,605,-1,653,512,511,-1,577,653,578,-1,578,653,511,-1,578,511,579,-1,579,511,510,-1,579,510,587,-1,587,510,509,-1,587,509,588,-1,588,509,532,-1,588,532,589,-1,589,532,533,-1,589,533,590,-1,590,533,535,-1,648,576,568,-1,491,648,492,-1,492,648,568,-1,492,568,478,-1,478,568,567,-1,478,567,479,-1,479,567,566,-1,479,566,480,-1,480,566,552,-1,480,552,453,-1,453,552,551,-1,453,551,454,-1,454,551,549,-1,454,549,500,-1,500,549,548,-1,508,557,490,-1,490,557,556,-1,490,556,489,-1,489,556,554,-1,489,554,488,-1,488,554,553,-1,488,553,516,-1,516,553,584,-1,516,584,517,-1,517,584,570,-1,517,570,518,-1,518,570,569,-1,513,603,460,-1,460,603,602,-1,460,602,461,-1,461,602,601,-1,461,601,463,-1,463,601,544,-1,463,544,464,-1,464,544,546,-1,464,546,506,-1,506,546,547,-1,506,547,507,-1,507,547,562,-1,536,635,634,-1,536,634,537,-1,537,634,633,-1,537,633,538,-1,538,633,632,-1,538,632,539,-1,539,632,631,-1,539,631,540,-1,496,563,604,-1,496,604,522,-1,522,604,597,-1,522,597,523,-1,523,597,599,-1,523,599,525,-1,525,599,600,-1,525,600,524,-1,524,600,598,-1,524,598,514,-1,905,906,491,-1,491,906,907,-1,491,907,648,-1,491,452,908,-1,908,909,491,-1,491,909,910,-1,491,910,905,-1,905,910,911,-1,905,911,912,-1,913,914,512,-1,512,653,915,-1,916,913,917,-1,917,913,512,-1,917,512,918,-1,918,512,915,-1,914,919,512,-1,512,919,920,-1,512,920,451,-1,452,451,908,-1,908,451,920,-1,908,920,909,-1,909,920,919,-1,909,919,910,-1,910,919,914,-1,910,914,911,-1,911,914,913,-1,911,913,912,-1,912,913,916,-1,905,912,917,-1,917,912,916,-1,905,917,918,-1,905,918,906,-1,906,918,915,-1,906,915,907,-1,907,915,648,-1,648,915,653,-1,648,653,649,-1,653,652,649,-1,649,652,651,-1,649,651,650,-1,650,651,574,-1,650,574,575,-1,586,585,530,-1,530,585,531,-1,499,498,608,-1,608,498,609,-1,629,628,457,-1,457,628,446,-1,443,642,444,-1,444,642,641,-1,444,641,445,-1,445,641,621,-1,445,621,455,-1,455,621,620,-1,455,620,456,-1,456,620,630,-1,456,630,457,-1,457,630,629,-1,499,608,503,-1,503,608,607,-1,503,607,504,-1,504,607,622,-1,504,622,505,-1,505,622,624,-1,505,624,474,-1,474,624,636,-1,921,542,541,-1,481,921,482,-1,482,921,541,-1,482,541,483,-1,483,541,613,-1,483,613,484,-1,484,613,612,-1,484,612,485,-1,485,612,611,-1,485,611,497,-1,497,611,610,-1,497,610,498,-1,498,610,609,-1,922,435,434,-1,614,922,615,-1,615,922,434,-1,615,434,616,-1,616,434,448,-1,616,448,617,-1,617,448,447,-1,617,447,618,-1,618,447,439,-1,618,439,619,-1,619,439,438,-1,619,438,628,-1,628,438,446,-1,473,623,515,-1,515,623,627,-1,515,627,475,-1,475,627,626,-1,475,626,476,-1,476,626,625,-1,476,625,477,-1,477,625,581,-1,477,581,529,-1,529,581,580,-1,529,580,530,-1,530,580,586,-1,531,585,458,-1,458,585,596,-1,458,596,459,-1,459,596,595,-1,459,595,486,-1,486,595,594,-1,486,594,487,-1,487,594,593,-1,487,593,469,-1,469,593,592,-1,469,592,470,-1,470,592,591,-1,474,636,638,-1,474,638,527,-1,527,638,640,-1,527,640,528,-1,528,640,639,-1,528,639,526,-1,526,639,637,-1,526,637,472,-1,468,643,646,-1,468,646,467,-1,467,646,647,-1,467,647,465,-1,465,647,645,-1,465,645,466,-1,466,645,644,-1,466,644,471,-1,471,644,642,-1,471,642,443,-1,558,923,614,-1,614,923,924,-1,614,924,922,-1,921,925,542,-1,542,925,926,-1,542,926,543,-1,927,436,435,-1,927,435,928,-1,929,930,931,-1,922,932,435,-1,435,932,933,-1,435,933,929,-1,929,931,435,-1,435,931,934,-1,435,934,928,-1,481,449,935,-1,936,937,481,-1,481,937,938,-1,481,938,921,-1,935,939,481,-1,481,939,940,-1,481,940,936,-1,936,940,941,-1,936,941,942,-1,930,942,931,-1,931,942,941,-1,931,941,934,-1,934,941,940,-1,934,940,928,-1,928,940,939,-1,928,939,927,-1,927,939,935,-1,927,935,436,-1,436,935,449,-1,558,543,926,-1,558,926,923,-1,923,926,925,-1,923,925,924,-1,924,925,922,-1,922,925,921,-1,922,921,932,-1,921,938,932,-1,932,938,937,-1,932,937,933,-1,933,937,936,-1,933,936,929,-1,930,929,942,-1,942,929,936,-1,
        ]
    }
}
Shape{
    appearance Appearance {
        material  Material 	{
            diffuseColor 1.0 1.0 1.0
            specularColor 0.8784313725490196 0.8784313725490196 0.8784313725490196
            ambientIntensity 0.2
            transparency 0
            shininess 0.5
        }
    }
    geometry IndexedFaceSet {
        ccw TRUE
        solid FALSE
        coord DEF co Coordinate {
            point [
                0.3337 -0.4842 -0.4744, 0.4105 -0.2873 -0.4744, 0.3337 -0.4842 -0.4823, 0.4105 -0.2873 -0.4823, 0.3817 -0.2873 -0.4744, 0.3817 -0.2873 -0.4823, 0.3618 -0.3425 -0.4744, 0.3618 -0.3425 -0.4823, 0.2805 -0.3425 -0.4744, 0.2805 -0.3425 -0.4823, 0.2617 -0.2873 -0.4744, 0.2617 -0.2873 -0.4823, 0.2329 -0.2873 -0.4744, 0.2329 -0.2873 -0.4823, 0.3073 -0.4842 -0.4744, 0.3073 -0.4842 -0.4823, 0.2871 -0.3641 -0.4744, 0.3165 -0.4464 -0.4744, 0.3184 -0.4532 -0.4744, 0.3196 -0.4602 -0.4744, 0.3203 -0.4602 -0.4744, 0.3215 -0.4532 -0.4744, 0.3529 -0.3641 -0.4744, 0.3233 -0.4464 -0.4744, 0.2871 -0.3641 -0.4823, 0.3529 -0.3641 -0.4823, 0.3165 -0.4464 -0.4823, 0.3184 -0.4532 -0.4823, 0.3196 -0.4602 -0.4823, 0.3203 -0.4602 -0.4823, 0.3215 -0.4532 -0.4823, 0.3233 -0.4464 -0.4823, 0.1135 -0.2873 -0.4744, 0.06 -0.2873 -0.4744, 0.1135 -0.2873 -0.4823, 0.06 -0.2873 -0.4823, 0.06 -0.4842 -0.4744, 0.06 -0.4842 -0.4823, 0.1156 -0.4842 -0.4744, 0.1156 -0.4842 -0.4823, 0.2185 -0.3882 -0.4744, 0.2185 -0.3882 -0.4823, 0.217 -0.4068 -0.4823, 0.217 -0.4068 -0.4744, 0.2117 -0.4261 -0.4823, 0.2117 -0.4261 -0.4744, 0.2026 -0.4431 -0.4823, 0.2026 -0.4431 -0.4744, 0.1887 -0.4585 -0.4823, 0.1887 -0.4585 -0.4744, 0.1885 -0.4587 -0.4823, 0.1885 -0.4587 -0.4744, 0.167 -0.4731 -0.4823, 0.167 -0.4731 -0.4744, 0.144 -0.4811 -0.4823, 0.144 -0.4811 -0.4744, 0.1379 -0.2895 -0.4823, 0.1379 -0.2895 -0.4744, 0.1606 -0.2962 -0.4823, 0.1606 -0.2962 -0.4744, 0.1811 -0.3082 -0.4823, 0.1811 -0.3082 -0.4744, 0.1973 -0.3237 -0.4823, 0.1973 -0.3237 -0.4744, 0.2086 -0.3413 -0.4823, 0.2086 -0.3413 -0.4744, 0.2157 -0.3619 -0.4823, 0.2157 -0.3619 -0.4744, 0.1789 -0.435 -0.4744, 0.1694 -0.4451 -0.4744, 0.155 -0.4544 -0.4744, 0.1388 -0.4601 -0.4744, 0.1155 -0.4626 -0.4744, 0.0864 -0.4626 -0.4744, 0.0864 -0.3089 -0.4744, 0.1144 -0.3089 -0.4744, 0.1351 -0.3109 -0.4744, 0.1517 -0.316 -0.4744, 0.1651 -0.324 -0.4744, 0.1762 -0.3349 -0.4744, 0.1845 -0.3485 -0.4744, 0.1902 -0.367 -0.4744, 0.192 -0.3877 -0.4744, 0.1904 -0.4073 -0.4744, 0.1858 -0.4228 -0.4744, 0.1155 -0.4626 -0.4823, 0.0864 -0.4626 -0.4823, 0.1388 -0.4601 -0.4823, 0.155 -0.4544 -0.4823, 0.1694 -0.4451 -0.4823, 0.1789 -0.435 -0.4823, 0.1858 -0.4228 -0.4823, 0.1904 -0.4073 -0.4823, 0.192 -0.3877 -0.4823, 0.1902 -0.367 -0.4823, 0.1845 -0.3485 -0.4823, 0.1762 -0.3349 -0.4823, 0.1651 -0.324 -0.4823, 0.1517 -0.316 -0.4823, 0.1351 -0.3109 -0.4823, 0.1144 -0.3089 -0.4823, 0.0864 -0.3089 -0.4823, 0.0216 -0.3089 -0.4744, 0.0216 -0.2873 -0.4744, 0.0216 -0.3089 -0.4823, 0.0216 -0.2873 -0.4823, -0.084 -0.2873 -0.4744, -0.084 -0.2873 -0.4823, -0.084 -0.4842 -0.4744, -0.084 -0.4842 -0.4823, 0.0168 -0.4842 -0.4744, 0.0168 -0.4842 -0.4823, 0.0168 -0.4626 -0.4744, 0.0168 -0.4626 -0.4823, -0.0576 -0.4626 -0.4744, -0.0576 -0.4626 -0.4823, -0.0576 -0.3978 -0.4744, -0.0576 -0.3978 -0.4823, 0.012 -0.3978 -0.4744, 0.012 -0.3978 -0.4823, 0.012 -0.3762 -0.4744, 0.012 -0.3762 -0.4823, -0.0576 -0.3762 -0.4744, -0.0576 -0.3762 -0.4823, -0.0576 -0.3089 -0.4744, -0.0576 -0.3089 -0.4823, -0.1224 -0.3191 -0.4744, -0.1224 -0.2975 -0.4744, -0.1224 -0.3191 -0.4823, -0.1224 -0.2975 -0.4823, -0.1434 -0.2889 -0.4744, -0.1766 -0.2849 -0.4744, -0.1766 -0.2849 -0.4823, -0.1712 -0.285 -0.4823, -0.1712 -0.285 -0.4744, -0.1633 -0.2861 -0.4823, -0.1434 -0.2889 -0.4823, -0.2689 -0.382 -0.4744, -0.2689 -0.382 -0.4823, -0.267 -0.3592 -0.4823, -0.267 -0.3592 -0.4744, -0.261 -0.3384 -0.4823, -0.261 -0.3384 -0.4744, -0.2506 -0.3197 -0.4823, -0.2506 -0.3197 -0.4744, -0.2358 -0.3041 -0.4823, -0.2358 -0.3041 -0.4744, -0.2199 -0.294 -0.4823, -0.2199 -0.294 -0.4744, -0.2009 -0.2874 -0.4823, -0.2009 -0.2874 -0.4744, -0.1882 -0.2861 -0.4823, -0.1688 -0.4866 -0.4744, -0.1688 -0.4866 -0.4823, -0.1885 -0.485 -0.4823, -0.1885 -0.485 -0.4744, -0.2105 -0.4786 -0.4823, -0.2105 -0.4786 -0.4744, -0.2292 -0.4678 -0.4823, -0.2292 -0.4678 -0.4744, -0.2469 -0.4507 -0.4823, -0.2469 -0.4507 -0.4744, -0.2585 -0.4323 -0.4823, -0.2585 -0.4323 -0.4744, -0.266 -0.41 -0.4823, -0.266 -0.41 -0.4744, -0.1224 -0.4788 -0.4744, -0.1224 -0.4788 -0.4823, -0.1452 -0.485 -0.4823, -0.1452 -0.485 -0.4744, -0.1224 -0.4524 -0.4744, -0.1224 -0.4524 -0.4823, -0.1685 -0.465 -0.4744, -0.1685 -0.465 -0.4823, -0.1446 -0.4619 -0.4823, -0.1446 -0.4619 -0.4744, -0.2425 -0.3837 -0.4744, -0.2425 -0.3837 -0.4823, -0.2415 -0.399 -0.4823, -0.2415 -0.399 -0.4744, -0.2363 -0.42 -0.4823, -0.2363 -0.42 -0.4744, -0.2282 -0.4352 -0.4823, -0.2282 -0.4352 -0.4744, -0.2163 -0.4484 -0.4823, -0.2163 -0.4484 -0.4744, -0.2026 -0.4575 -0.4823, -0.2026 -0.4575 -0.4744, -0.1879 -0.4628 -0.4823, -0.1879 -0.4628 -0.4744, -0.173 -0.3065 -0.4744, -0.173 -0.3065 -0.4823, -0.1913 -0.3086 -0.4823, -0.1913 -0.3086 -0.4744, -0.2057 -0.3139 -0.4823, -0.2057 -0.3139 -0.4744, -0.2177 -0.322 -0.4823, -0.2177 -0.322 -0.4744, -0.227 -0.3318 -0.4823, -0.227 -0.3318 -0.4744, -0.2351 -0.3454 -0.4823, -0.2351 -0.3454 -0.4744, -0.2405 -0.3623 -0.4823, -0.2405 -0.3623 -0.4744, -0.126 -0.3172 -0.4823, -0.126 -0.3172 -0.4744, -0.1468 -0.3094 -0.4823, -0.1468 -0.3094 -0.4744, -0.2857 -0.3089 -0.4744, -0.2857 -0.2873 -0.4744, -0.2857 -0.3089 -0.4823, -0.2857 -0.2873 -0.4823, -0.3865 -0.2873 -0.4744, -0.3865 -0.2873 -0.4823, -0.3865 -0.4842 -0.4744, -0.3865 -0.4842 -0.4823, -0.3601 -0.4842 -0.4744, -0.3601 -0.4842 -0.4823, -0.3601 -0.3089 -0.4744, -0.3601 -0.3089 -0.4823, -0.3601 -0.3089 -0.4823
            ]
        }
        coordIndex [
            0,1,2,-1,2,1,3,-1,1,4,3,-1,3,4,5,-1,4,6,5,-1,5,6,7,-1,6,8,7,-1,7,8,9,-1,8,10,9,-1,9,10,11,-1,10,12,11,-1,11,12,13,-1,12,14,13,-1,13,14,15,-1,14,0,15,-1,15,0,2,-1,16,17,14,-1,12,10,8,-1,17,18,14,-1,14,18,19,-1,14,19,0,-1,0,19,20,-1,0,20,21,-1,14,12,16,-1,16,12,8,-1,16,8,22,-1,22,8,6,-1,21,23,0,-1,0,23,22,-1,0,22,1,-1,1,22,6,-1,1,6,4,-1,16,22,24,-1,24,22,25,-1,17,16,26,-1,26,16,24,-1,17,26,27,-1,17,27,18,-1,18,27,28,-1,18,28,19,-1,20,19,29,-1,29,19,28,-1,20,29,30,-1,20,30,21,-1,21,30,31,-1,21,31,23,-1,22,23,25,-1,25,23,31,-1,32,33,34,-1,34,33,35,-1,33,36,35,-1,35,36,37,-1,36,38,37,-1,37,38,39,-1,40,41,42,-1,40,42,43,-1,43,42,44,-1,43,44,45,-1,45,44,46,-1,45,46,47,-1,47,46,48,-1,47,48,49,-1,49,48,50,-1,49,50,51,-1,51,50,52,-1,51,52,53,-1,53,52,54,-1,53,54,55,-1,55,54,39,-1,55,39,38,-1,32,34,56,-1,32,56,57,-1,57,56,58,-1,57,58,59,-1,59,58,60,-1,59,60,61,-1,61,60,62,-1,61,62,63,-1,63,62,64,-1,63,64,65,-1,65,64,66,-1,65,66,67,-1,67,66,41,-1,67,41,40,-1,45,47,68,-1,68,47,49,-1,68,49,69,-1,69,49,51,-1,69,51,70,-1,70,51,53,-1,70,53,71,-1,71,53,55,-1,71,55,72,-1,72,55,38,-1,72,38,73,-1,73,38,36,-1,73,36,74,-1,74,36,33,-1,74,33,75,-1,75,33,32,-1,75,32,76,-1,76,32,57,-1,76,57,77,-1,77,57,59,-1,77,59,78,-1,78,59,61,-1,78,61,79,-1,79,61,63,-1,79,63,80,-1,80,63,65,-1,80,65,81,-1,81,65,67,-1,81,67,82,-1,82,67,40,-1,82,40,83,-1,83,40,43,-1,83,43,84,-1,84,43,45,-1,84,45,68,-1,72,73,85,-1,85,73,86,-1,72,85,87,-1,72,87,71,-1,71,87,88,-1,71,88,70,-1,70,88,89,-1,70,89,69,-1,69,89,90,-1,69,90,68,-1,68,90,91,-1,68,91,84,-1,84,91,92,-1,84,92,83,-1,83,92,93,-1,83,93,82,-1,82,93,94,-1,82,94,81,-1,81,94,95,-1,81,95,80,-1,80,95,96,-1,80,96,79,-1,79,96,97,-1,79,97,78,-1,78,97,98,-1,78,98,77,-1,77,98,99,-1,77,99,76,-1,76,99,100,-1,76,100,75,-1,74,75,101,-1,101,75,100,-1,73,74,86,-1,86,74,101,-1,102,103,104,-1,104,103,105,-1,103,106,105,-1,105,106,107,-1,106,108,107,-1,107,108,109,-1,108,110,109,-1,109,110,111,-1,110,112,111,-1,111,112,113,-1,112,114,113,-1,113,114,115,-1,114,116,115,-1,115,116,117,-1,116,118,117,-1,117,118,119,-1,118,120,119,-1,119,120,121,-1,120,122,121,-1,121,122,123,-1,122,124,123,-1,123,124,125,-1,124,102,125,-1,125,102,104,-1,106,103,102,-1,102,124,106,-1,106,124,122,-1,106,122,108,-1,112,110,114,-1,114,110,108,-1,114,108,116,-1,116,108,122,-1,116,122,118,-1,118,122,120,-1,126,127,128,-1,128,127,129,-1,129,127,130,-1,131,132,133,-1,131,133,134,-1,134,133,135,-1,134,135,130,-1,130,135,136,-1,130,136,129,-1,137,138,139,-1,137,139,140,-1,140,139,141,-1,140,141,142,-1,142,141,143,-1,142,143,144,-1,144,143,145,-1,144,145,146,-1,146,145,147,-1,146,147,148,-1,148,147,149,-1,148,149,150,-1,150,149,131,-1,131,149,151,-1,131,151,132,-1,152,153,154,-1,152,154,155,-1,155,154,156,-1,155,156,157,-1,157,156,158,-1,157,158,159,-1,159,158,160,-1,159,160,161,-1,161,160,162,-1,161,162,163,-1,163,162,164,-1,163,164,165,-1,165,164,138,-1,165,138,137,-1,166,167,168,-1,166,168,169,-1,169,168,153,-1,169,153,152,-1,166,170,167,-1,167,170,171,-1,172,173,174,-1,172,174,175,-1,175,174,171,-1,175,171,170,-1,176,177,178,-1,176,178,179,-1,179,178,180,-1,179,180,181,-1,181,180,182,-1,181,182,183,-1,183,182,184,-1,183,184,185,-1,185,184,186,-1,185,186,187,-1,187,186,188,-1,187,188,189,-1,189,188,173,-1,189,173,172,-1,190,191,192,-1,190,192,193,-1,193,192,194,-1,193,194,195,-1,195,194,196,-1,195,196,197,-1,197,196,198,-1,197,198,199,-1,199,198,200,-1,199,200,201,-1,201,200,202,-1,201,202,203,-1,203,202,177,-1,203,177,176,-1,126,128,204,-1,126,204,205,-1,205,204,206,-1,205,206,207,-1,207,206,191,-1,207,191,190,-1,193,131,190,-1,190,131,134,-1,190,134,207,-1,207,134,130,-1,207,130,205,-1,205,130,127,-1,205,127,126,-1,170,166,175,-1,175,166,169,-1,175,169,172,-1,172,169,152,-1,172,152,189,-1,189,152,155,-1,189,155,187,-1,187,155,157,-1,187,157,185,-1,185,157,159,-1,185,159,183,-1,183,159,161,-1,183,161,181,-1,181,161,163,-1,181,163,179,-1,179,163,165,-1,179,165,176,-1,176,165,137,-1,176,137,203,-1,203,137,140,-1,203,140,201,-1,201,140,142,-1,201,142,199,-1,199,142,144,-1,199,144,197,-1,197,144,146,-1,197,146,195,-1,195,146,148,-1,195,148,193,-1,193,148,150,-1,193,150,131,-1,208,209,210,-1,210,209,211,-1,209,212,211,-1,211,212,213,-1,212,214,213,-1,213,214,215,-1,214,216,215,-1,215,216,217,-1,216,218,217,-1,217,218,219,-1,218,208,219,-1,219,208,210,-1,216,214,218,-1,218,214,212,-1,218,212,208,-1,208,212,209,-1,
        ]
    }
}
Shape{
    appearance Appearance {
        material  Material 	{
            diffuseColor 0.6666666666666666 0.6666666666666666 0.6666666666666666
            specularColor 0.4666666666666667 0.4666666666666667 0.4666666666666667
            ambientIntensity 0.2
            transparency 0
            shininess 0.5
        }
    }
    geometry IndexedFaceSet {
        ccw TRUE
        solid FALSE
        coord DEF co Coordinate {
            point [
                0.2871 -0.3641 -0.4823, 0.3529 -0.3641 -0.4823, 0.3165 -0.4464 -0.4823, 0.3233 -0.4464 -0.4823, 0.3184 -0.4532 -0.4823, 0.3215 -0.4532 -0.4823, 0.3196 -0.4602 -0.4823, 0.3203 -0.4602 -0.4823, 0.0864 -0.4626 -0.4823, 0.0864 -0.3089 -0.4823, 0.1155 -0.4626 -0.4823, 0.1144 -0.3089 -0.4823, 0.1351 -0.3109 -0.4823, 0.192 -0.3877 -0.4823, 0.1904 -0.4073 -0.4823, 0.1858 -0.4228 -0.4823, 0.1388 -0.4601 -0.4823, 0.1517 -0.316 -0.4823, 0.1651 -0.324 -0.4823, 0.1762 -0.3349 -0.4823, 0.1845 -0.3485 -0.4823, 0.1902 -0.367 -0.4823, 0.1789 -0.435 -0.4823, 0.1694 -0.4451 -0.4823, 0.155 -0.4544 -0.4823, 1.0236 0.1969 -0.3642, 1.0236 0.1969 -0.4823, 1.0304 0.1969 -0.3642, 1.0304 0.1969 -0.4823, 1.0457 0.1969 -0.3627, 1.0688 0.1969 -0.4785, 1.0605 0.1969 -0.3582, 1.1057 0.1969 -0.4673, 1.0741 0.1969 -0.3509, 1.1397 0.1969 -0.4491, 1.0861 0.1969 -0.3411, 1.1696 0.1969 -0.4246, 1.3352 0.1969 -0.092, 1.4187 0.1969 -0.1755, 1.345 0.1969 -0.08, 1.4432 0.1969 -0.1456, 1.3523 0.1969 -0.0664, 1.4614 0.1969 -0.1116, 1.3568 0.1969 -0.0516, 1.4726 0.1969 -0.0747, 1.3583 0.1969 -0.0363, 1.4764 0.1969 -0.0363, 1.3583 -0.3937 -0.0363, 1.4764 -0.3937 -0.0363, 1.3568 -0.3937 -0.0516, 1.4726 -0.3937 -0.0747, 1.3523 -0.3937 -0.0664, 1.4614 -0.3937 -0.1116, 1.345 -0.3937 -0.08, 1.4432 -0.3937 -0.1456, 1.3352 -0.3937 -0.092, 1.4187 -0.3937 -0.1755, 1.0861 -0.3937 -0.3411, 1.1696 -0.3937 -0.4246, 1.0741 -0.3937 -0.3509, 1.1397 -0.3937 -0.4491, 1.0605 -0.3937 -0.3582, 1.1057 -0.3937 -0.4673, 1.0457 -0.3937 -0.3627, 1.0688 -0.3937 -0.4785, 1.0304 -0.3937 -0.3642, 1.0304 -0.3937 -0.4823, 1.0236 -0.3937 -0.3642, 1.0236 -0.3937 -0.4823, 1.4764 0.1378 0.0228, 1.4764 -0.3346 0.0228, 1.3583 0.1378 0.0228, 1.3583 -0.3346 0.0228, 1.063 -0.2756 -0.502, 1.063 0.0787 -0.502, 1.3583 -0.2756 -0.502, 1.3583 0.0787 -0.502, 1.4173 0.0197 -0.502, 1.3736 0.0767 -0.502, 1.3878 0.0708 -0.502, 1.4 0.0614 -0.502, 1.4094 0.0492 -0.502, 1.4153 0.035 -0.502, 1.4173 -0.2165 -0.502, 1.4153 -0.2318 -0.502, 1.4094 -0.2461 -0.502, 1.4 -0.2583 -0.502, 1.3878 -0.2677 -0.502, 1.3736 -0.2736 -0.502, 1.4173 0.0197 -0.3839, 1.4173 -0.2165 -0.3839, 1.4153 -0.2318 -0.3839, 1.3583 -0.2756 -0.3839, 1.1119 0.0787 -0.3839, 1.1119 -0.2756 -0.3839, 1.3583 0.0787 -0.3839, 1.3878 -0.2677 -0.3839, 1.4 -0.2583 -0.3839, 1.4094 -0.2461 -0.3839, 1.3736 0.0767 -0.3839, 1.4094 0.0492 -0.3839, 1.4 0.0614 -0.3839, 1.3878 0.0708 -0.3839, 1.3736 -0.2736 -0.3839, 1.4153 0.035 -0.3839, 1.0922 -0.2756 -0.3642, 1.0922 0.0787 -0.3642, 1.0433 -0.2756 -0.4823, 1.0433 0.0787 -0.4823, 1.0236 -0.2756 -0.4823, 1.0236 -0.2756 -0.3642, 1.0236 0.0787 -0.4823, 1.0236 0.0787 -0.3642, 0.9646 0.1378 -0.3642, 0.9646 0.1378 -0.4823, 0.9666 0.1531 -0.3642, 0.9666 0.1531 -0.4823, 0.9725 0.1673 -0.3642, 0.9725 0.1673 -0.4823, 0.9819 0.1796 -0.3642, 0.9819 0.1796 -0.4823, 0.9941 0.1889 -0.3642, 0.9941 0.1889 -0.4823, 1.0083 0.1948 -0.3642, 1.0083 0.1948 -0.4823, 0.9666 0.1225 -0.4823, 0.9666 0.1225 -0.3642, 0.9725 0.1083 -0.4823, 0.9725 0.1083 -0.3642, 0.9819 0.096 -0.4823, 0.9819 0.096 -0.3642, 0.9941 0.0867 -0.4823, 0.9941 0.0867 -0.3642, 1.0083 0.0808 -0.4823, 1.0083 0.0808 -0.3642, 0.9646 -0.3346 -0.4823, 0.9646 -0.3346 -0.3642, 0.9666 -0.3499 -0.4823, 0.9666 -0.3499 -0.3642, 0.9725 -0.3642 -0.4823, 0.9725 -0.3642 -0.3642, 0.9819 -0.3764 -0.4823, 0.9819 -0.3764 -0.3642, 0.9941 -0.3858 -0.4823, 0.9941 -0.3858 -0.3642, 1.0083 -0.3917 -0.4823, 1.0083 -0.3917 -0.3642, 0.9666 -0.3194 -0.3642, 0.9666 -0.3194 -0.4823, 0.9725 -0.3051 -0.3642, 0.9725 -0.3051 -0.4823, 0.9819 -0.2929 -0.3642, 0.9819 -0.2929 -0.4823, 0.9907 -0.2861 -0.4823, 0.9941 -0.2835 -0.3642, 0.9941 -0.2835 -0.4823, 1.0083 -0.2776 -0.3642, 1.0083 -0.2776 -0.4823, 1.4764 0.1531 0.0208, 1.3583 0.1531 0.0208, 1.4764 0.1673 0.0149, 1.3583 0.1673 0.0149, 1.4764 0.1796 0.0055, 1.3583 0.1796 0.0055, 1.4764 0.1889 -0.0068, 1.3583 0.1889 -0.0068, 1.4764 0.1948 -0.021, 1.3583 0.1948 -0.021, 1.4764 -0.3917 -0.021, 1.3583 -0.3917 -0.021, 1.4764 -0.3858 -0.0068, 1.3583 -0.3858 -0.0068, 1.4764 -0.3764 0.0055, 1.3583 -0.3764 0.0055, 1.4764 -0.3642 0.0149, 1.3583 -0.3642 0.0149, 1.4764 -0.3499 0.0208, 1.3583 -0.3499 0.0208, -1.3583 0.1969 -0.0363, -1.4764 0.1969 -0.0363, -1.3568 0.1969 -0.0516, -1.4726 0.1969 -0.0747, -1.3523 0.1969 -0.0664, -1.4614 0.1969 -0.1116, -1.345 0.1969 -0.08, -1.4432 0.1969 -0.1456, -1.3352 0.1969 -0.092, -1.4187 0.1969 -0.1755, -1.0861 0.1969 -0.3411, -1.1696 0.1969 -0.4246, -1.0741 0.1969 -0.3509, -1.1397 0.1969 -0.4491, -1.0605 0.1969 -0.3582, -1.1057 0.1969 -0.4673, -1.0457 0.1969 -0.3627, -1.0688 0.1969 -0.4785, -1.0304 0.1969 -0.3642, -1.0304 0.1969 -0.4823, -1.0236 0.1969 -0.3642, -1.0236 0.1969 -0.4823, -1.0236 -0.3937 -0.3642, -1.0236 -0.3937 -0.4823, -1.0304 -0.3937 -0.3642, -1.0304 -0.3937 -0.4823, -1.0457 -0.3937 -0.3627, -1.0688 -0.3937 -0.4785, -1.0605 -0.3937 -0.3582, -1.1057 -0.3937 -0.4673, -1.0741 -0.3937 -0.3509, -1.1397 -0.3937 -0.4491, -1.0861 -0.3937 -0.3411, -1.1696 -0.3937 -0.4246, -1.3352 -0.3937 -0.092, -1.4187 -0.3937 -0.1755, -1.345 -0.3937 -0.08, -1.4432 -0.3937 -0.1456, -1.3523 -0.3937 -0.0664, -1.4614 -0.3937 -0.1116, -1.3568 -0.3937 -0.0516, -1.4726 -0.3937 -0.0747, -1.3583 -0.3937 -0.0363, -1.4764 -0.3937 -0.0363, -1.3583 0.1378 0.0228, -1.3583 -0.3346 0.0228, -1.4764 0.1378 0.0228, -1.4764 -0.3346 0.0228, -1.4153 -0.2318 -0.502, -1.4173 -0.2165 -0.502, -1.3583 -0.2756 -0.502, -1.3583 0.0787 -0.502, -1.063 -0.2756 -0.502, -1.063 0.0787 -0.502, -1.3736 -0.2736 -0.502, -1.3878 -0.2677 -0.502, -1.4173 0.0197 -0.502, -1.4153 0.035 -0.502, -1.4094 0.0492 -0.502, -1.4 -0.2583 -0.502, -1.4094 -0.2461 -0.502, -1.4 0.0614 -0.502, -1.3878 0.0708 -0.502, -1.3736 0.0767 -0.502, -1.0433 -0.2756 -0.4823, -1.0433 0.0787 -0.4823, -1.1119 -0.2756 -0.3839, -1.0922 -0.2756 -0.3642, -1.1119 0.0787 -0.3839, -1.0922 0.0787 -0.3642, -1.3583 -0.2756 -0.3839, -1.3583 0.0787 -0.3839, -1.4173 0.0197 -0.3839, -1.3736 0.0767 -0.3839, -1.3878 0.0708 -0.3839, -1.4 0.0614 -0.3839, -1.4094 0.0492 -0.3839, -1.4153 0.035 -0.3839, -1.4173 -0.2165 -0.3839, -1.4153 -0.2318 -0.3839, -1.4094 -0.2461 -0.3839, -1.4 -0.2583 -0.3839, -1.3878 -0.2677 -0.3839, -1.3736 -0.2736 -0.3839, -1.0236 -0.2756 -0.4823, -1.0236 -0.2756 -0.3642, -1.0236 0.0787 -0.4823, -1.0236 0.0787 -0.3642, -0.9646 0.1378 -0.4823, -0.9646 0.1378 -0.3642, -0.9666 0.1531 -0.4823, -0.9666 0.1531 -0.3642, -0.9725 0.1673 -0.4823, -0.9725 0.1673 -0.3642, -0.9819 0.1796 -0.4823, -0.9819 0.1796 -0.3642, -0.9941 0.1889 -0.4823, -0.9941 0.1889 -0.3642, -1.0083 0.1948 -0.4823, -1.0083 0.1948 -0.3642, -1.0083 0.0808 -0.4823, -1.0083 0.0808 -0.3642, -0.9941 0.0867 -0.4823, -0.9941 0.0867 -0.3642, -0.9819 0.096 -0.4823, -0.9819 0.096 -0.3642, -0.9725 0.1083 -0.4823, -0.9725 0.1083 -0.3642, -0.9666 0.1225 -0.4823, -0.9666 0.1225 -0.3642, -0.9646 -0.3346 -0.3642, -0.9646 -0.3346 -0.4823, -0.9666 -0.3499 -0.3642, -0.9666 -0.3499 -0.4823, -0.9725 -0.3642 -0.3642, -0.9725 -0.3642 -0.4823, -0.9819 -0.3764 -0.3642, -0.9819 -0.3764 -0.4823, -0.9941 -0.3858 -0.3642, -0.9941 -0.3858 -0.4823, -1.0083 -0.3917 -0.3642, -1.0083 -0.3917 -0.4823, -1.0083 -0.2776 -0.3642, -1.0083 -0.2776 -0.4823, -0.9941 -0.2835 -0.3642, -0.9941 -0.2835 -0.4823, -0.9907 -0.2861 -0.4823, -0.9819 -0.2929 -0.3642, -0.9819 -0.2929 -0.4823, -0.9725 -0.3051 -0.3642, -0.9725 -0.3051 -0.4823, -0.9666 -0.3194 -0.3642, -0.9666 -0.3194 -0.4823, -1.4764 0.1948 -0.021, -1.3583 0.1948 -0.021, -1.4764 0.1889 -0.0068, -1.3583 0.1889 -0.0068, -1.4764 0.1796 0.0055, -1.3583 0.1796 0.0055, -1.4764 0.1673 0.0149, -1.3583 0.1673 0.0149, -1.4764 0.1531 0.0208, -1.3583 0.1531 0.0208, -1.4764 -0.3499 0.0208, -1.3583 -0.3499 0.0208, -1.4764 -0.3642 0.0149, -1.3583 -0.3642 0.0149, -1.4764 -0.3764 0.0055, -1.3583 -0.3764 0.0055, -1.4764 -0.3858 -0.0068, -1.3583 -0.3858 -0.0068, -1.4764 -0.3917 -0.021, -1.3583 -0.3917 -0.021, -0.5906 0.8661 -0.0295, 0.5906 0.8661 -0.0295, 0.6693 0.8661 0.0492, 0.6462 0.8661 -0.0065, 0.6299 0.8661 -0.019, 0.6109 0.8661 -0.0268, 0.6693 0.8661 0.3642, -0.6693 0.8661 0.3642, -0.6693 0.8661 0.0492, -0.6666 0.8661 0.0288, -0.6587 0.8661 0.0098, 0.6587 0.8661 0.0098, 0.6666 0.8661 0.0288, -0.6462 0.8661 -0.0065, -0.6299 0.8661 -0.019, -0.6109 0.8661 -0.0268, -0.5906 0.9843 -0.0295, 0.5906 0.9843 -0.0295, -0.6693 0.9843 0.3642, 0.6693 0.9843 0.3642, -0.6693 0.9843 0.0492, 0.6693 0.9843 0.0492, 0.6109 0.9843 -0.0268, 0.6666 0.9843 0.0288, 0.6587 0.9843 0.0098, -0.6666 0.9843 0.0288, -0.6299 0.9843 -0.019, -0.6462 0.9843 -0.0065, -0.6587 0.9843 0.0098, 0.6462 0.9843 -0.0065, 0.6299 0.9843 -0.019, -0.6109 0.9843 -0.0268, -0.6693 0.9802 0.3947, 0.6693 0.9802 0.3947, -0.6693 0.9684 0.4232, 0.6693 0.9684 0.4232, -0.6693 0.9497 0.4477, 0.6693 0.9497 0.4477, -0.6693 0.9252 0.4665, 0.6693 0.9252 0.4665, -0.6693 0.8967 0.4783, 0.6693 0.8967 0.4783, -0.6693 0.8661 0.4823, 0.6693 0.8661 0.4823, 0.6693 0.748 0.4823, 0.6693 0.748 0.3642, -0.6693 0.748 0.3642, -0.6693 0.748 0.4823, 1.0827 0.9843 0.0492, 1.3583 0.9843 0.0492, 1.3583 0.9843 0.2854, 1.0433 0.9843 0.2749, 1.027 0.9843 0.2624, 1.0145 0.9843 0.2461, 1.0827 0.9843 0.2854, 1.0039 0.9843 0.2067, 1.0039 0.9843 0.128, 1.0623 0.9843 0.2828, 1.0066 0.9843 0.2271, 1.0145 0.9843 0.0886, 1.027 0.9843 0.0723, 1.0433 0.9843 0.0598, 1.0066 0.9843 0.1076, 1.0623 0.9843 0.0519, 1.3583 1.063 0.0492, 1.0827 1.1024 0.0492, 1.3583 1.1024 0.0492, 1.3888 1.0983 0.0492, 1.4173 1.0865 0.0492, 1.4418 1.0678 0.0492, 1.4463 1.063 0.0492, 1.0039 1.1024 0.128, 1.0039 1.1024 0.2067, 1.0827 1.1024 0.2854, 1.3583 1.063 0.2854, 1.4463 1.063 0.2854, 1.4418 1.0678 0.2854, 1.4173 1.0865 0.2854, 1.3888 1.0983 0.2854, 1.3583 1.1024 0.2854, 1.0623 1.1024 0.2828, 1.0145 1.1024 0.2461, 1.027 1.1024 0.2624, 1.0433 1.1024 0.2749, 1.0433 1.1024 0.0598, 1.027 1.1024 0.0723, 1.0145 1.1024 0.0886, 1.0066 1.1024 0.1076, 1.0066 1.1024 0.2271, 1.0623 1.1024 0.0519, 1.454 1.0534 0.0486, 1.454 1.0535 0.286, 1.4606 1.0433 0.0467, 1.4605 1.0433 0.288, 1.4609 1.0426 0.0465, 1.461 1.0426 0.2881, 1.4658 1.033 0.0433, 1.4658 1.033 0.2914, 1.4696 1.0236 0.296, 1.4762 0.9903 0.0006, 1.4759 0.9948 0.0098, 1.4764 0.9843 0.2854, 1.4764 0.9843 -0.0295, 1.4764 0.9849 -0.0192, 1.4763 0.9869 -0.0091, 1.4753 1.0005 0.0184, 1.4741 1.0073 0.0261, 1.4724 1.0148 0.0328, 1.4746 1.0044 0.3115, 1.4764 0.9853 0.2868, 1.474 1.0075 0.3087, 1.4724 1.0148 0.3019, 1.4696 1.0236 0.0387, 1.3583 1.0527 0.2861, 1.3582 1.0426 0.2881, 1.3324 0.9869 0.3438, 1.3286 0.9861 0.347, 1.4599 0.9843 0.3642, 1.4641 0.9849 0.354, 1.4675 0.9869 0.3438, 1.3411 0.99 0.3345, 1.4714 0.9924 0.3292, 1.3477 0.9948 0.3248, 1.4724 0.9948 0.3248, 1.3505 0.9981 0.3196, 1.3548 1.0073 0.3085, 1.3563 1.0135 0.303, 1.3576 1.0236 0.296, 1.358 1.0328 0.2914, 1.3137 0.9846 0.3564, 1.297 0.9843 0.3622, 1.2795 0.9843 0.3642, 1.3583 0.9843 -0.0295, 1.3583 0.9869 -0.0091, 1.3583 0.9948 0.0098, 1.3583 1.0073 0.0261, 1.3583 1.0236 0.0387, 1.3583 1.0426 0.0465, -1.3583 0.9843 0.2854, -1.3583 0.9843 0.0492, -1.0827 0.9843 0.2854, -1.0827 0.9843 0.0492, -1.0623 0.9843 0.0519, -1.0433 0.9843 0.0598, -1.0039 0.9843 0.128, -1.0039 0.9843 0.2067, -1.027 0.9843 0.0723, -1.0145 0.9843 0.0886, -1.0066 0.9843 0.1076, -1.0145 0.9843 0.2461, -1.027 0.9843 0.2624, -1.0433 0.9843 0.2749, -1.0066 0.9843 0.2271, -1.0623 0.9843 0.2828, -1.4418 1.0678 0.2854, -1.4463 1.063 0.2854, -1.3583 1.063 0.2854, -1.0827 1.1024 0.2854, -1.3583 1.1024 0.2854, -1.3888 1.0983 0.2854, -1.4173 1.0865 0.2854, -1.0039 1.1024 0.128, -1.0039 1.1024 0.2067, -1.0827 1.1024 0.0492, -1.3583 1.063 0.0492, -1.4463 1.063 0.0492, -1.4418 1.0678 0.0492, -1.4173 1.0865 0.0492, -1.3888 1.0983 0.0492, -1.3583 1.1024 0.0492, -1.0433 1.1024 0.2749, -1.027 1.1024 0.2624, -1.0145 1.1024 0.2461, -1.0623 1.1024 0.0519, -1.0145 1.1024 0.0886, -1.027 1.1024 0.0723, -1.0433 1.1024 0.0598, -1.0623 1.1024 0.2828, -1.0066 1.1024 0.2271, -1.0066 1.1024 0.1076, -1.454 1.0535 0.286, -1.454 1.0535 0.0486, -1.4606 1.0433 0.2879, -1.4605 1.0433 0.0467, -1.4609 1.0426 0.2882, -1.461 1.0426 0.0465, -1.4658 1.0331 0.2913, -1.4724 1.0148 0.3019, -1.4764 0.9843 0.2854, -1.474 1.0075 0.3087, -1.4764 0.9853 0.2868, -1.4746 1.0044 0.3115, -1.4658 1.033 0.0433, -1.4696 1.0236 0.0387, -1.4696 1.0236 0.296, -1.4724 1.0148 0.0328, -1.4741 1.0073 0.0261, -1.4753 1.0005 0.0184, -1.4759 0.9948 0.0098, -1.4762 0.9902 0.0006, -1.4763 0.9869 -0.0091, -1.4764 0.9849 -0.0192, -1.4764 0.9843 -0.0295, -1.4599 0.9843 0.3642, -1.2795 0.9843 0.3642, -1.297 0.9843 0.3622, -1.3137 0.9846 0.3564, -1.3286 0.9861 0.347, -1.4641 0.9849 0.354, -1.3324 0.9869 0.3438, -1.4675 0.9869 0.3438, -1.3411 0.99 0.3345, -1.4714 0.9924 0.3292, -1.3477 0.9948 0.3248, -1.4724 0.9948 0.3248, -1.3505 0.9981 0.3196, -1.3548 1.0073 0.3085, -1.3563 1.0135 0.303, -1.3576 1.0236 0.296, -1.3582 1.0426 0.2881, -1.358 1.0328 0.2914, -1.3583 1.0527 0.2861, -1.3583 1.0426 0.0465, -1.3583 1.0236 0.0387, -1.3583 1.0073 0.0261, -1.3583 0.9948 0.0098, -1.3583 0.9869 -0.0091, -1.3583 0.9843 -0.0295, -1.3583 0.9843 -0.0295
            ]
        }
        coordIndex [
            0,1,2,-1,2,1,3,-1,2,3,4,-1,4,3,5,-1,4,5,6,-1,6,5,7,-1,8,9,10,-1,10,9,11,-1,10,11,12,-1,13,14,10,-1,10,14,15,-1,10,15,16,-1,12,17,10,-1,10,17,18,-1,10,18,19,-1,19,20,10,-1,10,20,21,-1,10,21,13,-1,22,23,15,-1,15,23,24,-1,15,24,16,-1,25,26,27,-1,27,26,28,-1,27,28,29,-1,29,28,30,-1,29,30,31,-1,31,30,32,-1,31,32,33,-1,33,32,34,-1,33,34,35,-1,35,34,36,-1,35,36,37,-1,37,36,38,-1,37,38,39,-1,39,38,40,-1,39,40,41,-1,41,40,42,-1,41,42,43,-1,43,42,44,-1,43,44,45,-1,45,44,46,-1,47,48,49,-1,49,48,50,-1,49,50,51,-1,51,50,52,-1,51,52,53,-1,53,52,54,-1,53,54,55,-1,55,54,56,-1,55,56,57,-1,57,56,58,-1,57,58,59,-1,59,58,60,-1,59,60,61,-1,61,60,62,-1,61,62,63,-1,63,62,64,-1,63,64,65,-1,65,64,66,-1,65,66,67,-1,67,66,68,-1,69,70,71,-1,71,70,72,-1,73,74,75,-1,75,74,76,-1,75,76,77,-1,77,76,78,-1,77,78,79,-1,80,81,79,-1,79,81,82,-1,79,82,77,-1,77,83,75,-1,75,83,84,-1,75,84,85,-1,85,86,75,-1,75,86,87,-1,75,87,88,-1,89,90,77,-1,77,90,83,-1,91,90,92,-1,93,94,95,-1,95,94,92,-1,96,97,98,-1,92,90,95,-1,95,90,89,-1,95,89,99,-1,100,101,102,-1,91,92,98,-1,98,92,103,-1,98,103,96,-1,99,89,102,-1,102,89,104,-1,102,104,100,-1,105,94,106,-1,106,94,93,-1,73,107,74,-1,74,107,108,-1,75,92,73,-1,73,92,94,-1,73,94,107,-1,107,94,105,-1,107,105,109,-1,109,105,110,-1,111,112,108,-1,108,112,106,-1,108,106,74,-1,74,106,93,-1,74,93,76,-1,76,93,95,-1,113,114,115,-1,115,114,116,-1,115,116,117,-1,117,116,118,-1,117,118,119,-1,119,118,120,-1,119,120,121,-1,121,120,122,-1,121,122,123,-1,123,122,124,-1,123,124,25,-1,25,124,26,-1,114,113,125,-1,125,113,126,-1,125,126,127,-1,127,126,128,-1,127,128,129,-1,129,128,130,-1,129,130,131,-1,131,130,132,-1,131,132,133,-1,133,132,134,-1,133,134,111,-1,111,134,112,-1,135,136,137,-1,137,136,138,-1,137,138,139,-1,139,138,140,-1,139,140,141,-1,141,140,142,-1,141,142,143,-1,143,142,144,-1,143,144,145,-1,145,144,146,-1,145,146,68,-1,68,146,67,-1,136,135,147,-1,147,135,148,-1,147,148,149,-1,149,148,150,-1,149,150,151,-1,150,152,151,-1,151,152,153,-1,151,153,154,-1,154,153,155,-1,154,155,156,-1,156,155,157,-1,156,157,110,-1,110,157,109,-1,89,77,82,-1,89,82,104,-1,104,82,81,-1,104,81,100,-1,100,81,80,-1,100,80,101,-1,101,80,79,-1,101,79,102,-1,102,79,78,-1,102,78,99,-1,99,78,76,-1,99,76,95,-1,83,90,91,-1,83,91,84,-1,84,91,98,-1,84,98,85,-1,85,98,97,-1,85,97,86,-1,86,97,96,-1,86,96,87,-1,87,96,103,-1,87,103,88,-1,88,103,92,-1,88,92,75,-1,69,71,158,-1,158,71,159,-1,158,159,160,-1,160,159,161,-1,160,161,162,-1,162,161,163,-1,162,163,164,-1,164,163,165,-1,164,165,166,-1,166,165,167,-1,166,167,46,-1,46,167,45,-1,48,47,168,-1,168,47,169,-1,168,169,170,-1,170,169,171,-1,170,171,172,-1,172,171,173,-1,172,173,174,-1,174,173,175,-1,174,175,176,-1,176,175,177,-1,176,177,70,-1,70,177,72,-1,178,179,180,-1,180,179,181,-1,180,181,182,-1,182,181,183,-1,182,183,184,-1,184,183,185,-1,184,185,186,-1,186,185,187,-1,186,187,188,-1,188,187,189,-1,188,189,190,-1,190,189,191,-1,190,191,192,-1,192,191,193,-1,192,193,194,-1,194,193,195,-1,194,195,196,-1,196,195,197,-1,196,197,198,-1,198,197,199,-1,200,201,202,-1,202,201,203,-1,202,203,204,-1,204,203,205,-1,204,205,206,-1,206,205,207,-1,206,207,208,-1,208,207,209,-1,208,209,210,-1,210,209,211,-1,210,211,212,-1,212,211,213,-1,212,213,214,-1,214,213,215,-1,214,215,216,-1,216,215,217,-1,216,217,218,-1,218,217,219,-1,218,219,220,-1,220,219,221,-1,222,223,224,-1,224,223,225,-1,226,227,228,-1,228,227,229,-1,228,229,230,-1,230,229,231,-1,228,232,233,-1,227,234,229,-1,229,234,235,-1,229,235,236,-1,233,237,228,-1,228,237,238,-1,228,238,226,-1,236,239,229,-1,229,239,240,-1,229,240,241,-1,242,230,243,-1,243,230,231,-1,244,245,246,-1,246,245,247,-1,244,246,248,-1,248,246,249,-1,248,249,250,-1,250,249,251,-1,250,251,252,-1,253,254,252,-1,252,254,255,-1,252,255,250,-1,250,256,248,-1,248,256,257,-1,248,257,258,-1,259,260,258,-1,258,260,261,-1,258,261,248,-1,234,227,250,-1,250,227,256,-1,262,263,242,-1,242,263,245,-1,242,245,230,-1,230,245,244,-1,230,244,228,-1,228,244,248,-1,229,249,231,-1,231,249,246,-1,231,246,243,-1,243,246,247,-1,243,247,264,-1,264,247,265,-1,266,267,268,-1,268,267,269,-1,268,269,270,-1,270,269,271,-1,270,271,272,-1,272,271,273,-1,272,273,274,-1,274,273,275,-1,274,275,276,-1,276,275,277,-1,276,277,199,-1,199,277,198,-1,264,265,278,-1,278,265,279,-1,278,279,280,-1,280,279,281,-1,280,281,282,-1,282,281,283,-1,282,283,284,-1,284,283,285,-1,284,285,286,-1,286,285,287,-1,286,287,266,-1,266,287,267,-1,288,289,290,-1,290,289,291,-1,290,291,292,-1,292,291,293,-1,292,293,294,-1,294,293,295,-1,294,295,296,-1,296,295,297,-1,296,297,298,-1,298,297,299,-1,298,299,200,-1,200,299,201,-1,263,262,300,-1,300,262,301,-1,300,301,302,-1,301,303,302,-1,302,303,304,-1,302,304,305,-1,305,304,306,-1,305,306,307,-1,307,306,308,-1,307,308,309,-1,309,308,310,-1,309,310,288,-1,288,310,289,-1,234,250,255,-1,234,255,235,-1,235,255,254,-1,235,254,236,-1,236,254,253,-1,236,253,239,-1,239,253,252,-1,239,252,240,-1,240,252,251,-1,240,251,241,-1,241,251,249,-1,241,249,229,-1,256,227,226,-1,256,226,257,-1,257,226,238,-1,257,238,258,-1,258,238,237,-1,258,237,259,-1,259,237,233,-1,259,233,260,-1,260,233,232,-1,260,232,261,-1,261,232,228,-1,261,228,248,-1,179,178,311,-1,311,178,312,-1,311,312,313,-1,313,312,314,-1,313,314,315,-1,315,314,316,-1,315,316,317,-1,317,316,318,-1,317,318,319,-1,319,318,320,-1,319,320,224,-1,224,320,222,-1,225,223,321,-1,321,223,322,-1,321,322,323,-1,323,322,324,-1,323,324,325,-1,325,324,326,-1,325,326,327,-1,327,326,328,-1,327,328,329,-1,329,328,330,-1,329,330,221,-1,221,330,220,-1,331,332,333,-1,334,332,335,-1,335,332,336,-1,337,338,333,-1,333,338,339,-1,333,339,331,-1,331,339,340,-1,331,340,341,-1,334,342,332,-1,332,342,343,-1,332,343,333,-1,344,345,341,-1,341,345,346,-1,341,346,331,-1,347,348,331,-1,331,348,332,-1,349,350,351,-1,351,350,352,-1,353,348,352,-1,352,354,355,-1,352,348,351,-1,351,348,347,-1,351,347,356,-1,357,358,359,-1,355,360,352,-1,352,360,361,-1,352,361,353,-1,356,347,359,-1,359,347,362,-1,359,362,357,-1,350,349,363,-1,350,363,364,-1,364,363,365,-1,364,365,366,-1,366,365,367,-1,366,367,368,-1,368,367,369,-1,368,369,370,-1,370,369,371,-1,370,371,372,-1,372,371,373,-1,372,373,374,-1,375,376,374,-1,374,376,337,-1,374,337,372,-1,372,337,370,-1,333,352,337,-1,337,352,350,-1,337,350,364,-1,364,366,337,-1,337,366,368,-1,337,368,370,-1,351,339,349,-1,349,339,338,-1,349,338,363,-1,363,338,365,-1,377,378,338,-1,338,378,373,-1,338,373,371,-1,371,369,338,-1,338,369,367,-1,338,367,365,-1,379,380,381,-1,382,383,384,-1,381,385,379,-1,379,385,386,-1,379,386,387,-1,385,388,386,-1,386,388,382,-1,386,382,389,-1,389,382,384,-1,390,391,392,-1,387,393,379,-1,379,393,390,-1,379,390,394,-1,394,390,392,-1,395,380,379,-1,379,396,395,-1,395,396,397,-1,395,397,398,-1,398,399,395,-1,395,399,400,-1,395,400,401,-1,387,386,402,-1,402,386,403,-1,385,381,404,-1,404,381,405,-1,406,407,405,-1,405,407,408,-1,408,409,405,-1,405,409,410,-1,405,410,404,-1,411,404,403,-1,410,397,404,-1,404,397,396,-1,412,413,414,-1,415,416,417,-1,403,404,402,-1,402,404,396,-1,402,396,418,-1,411,403,414,-1,414,403,419,-1,414,419,412,-1,418,396,417,-1,417,396,420,-1,417,420,415,-1,397,410,409,-1,397,409,398,-1,398,409,408,-1,398,408,399,-1,399,408,407,-1,399,407,400,-1,400,407,401,-1,401,407,406,-1,401,406,421,-1,421,406,422,-1,421,422,423,-1,423,422,424,-1,423,424,425,-1,425,424,426,-1,425,426,427,-1,427,426,428,-1,427,428,429,-1,430,431,432,-1,433,434,432,-1,432,434,435,-1,432,435,430,-1,431,436,432,-1,432,436,437,-1,432,437,438,-1,439,440,441,-1,441,440,432,-1,441,432,442,-1,442,432,438,-1,442,438,429,-1,429,438,443,-1,429,443,427,-1,396,379,394,-1,396,394,420,-1,420,394,392,-1,420,392,415,-1,415,392,391,-1,415,391,416,-1,416,391,390,-1,416,390,417,-1,417,390,393,-1,417,393,418,-1,418,393,387,-1,418,387,402,-1,403,386,389,-1,403,389,419,-1,419,389,384,-1,419,384,412,-1,412,384,383,-1,412,383,413,-1,413,383,382,-1,413,382,414,-1,414,382,388,-1,414,388,411,-1,411,388,385,-1,411,385,404,-1,406,405,422,-1,422,405,444,-1,422,444,424,-1,424,444,445,-1,446,447,448,-1,448,449,446,-1,446,449,450,-1,446,450,451,-1,451,450,452,-1,451,452,453,-1,453,452,454,-1,453,454,455,-1,455,454,439,-1,455,439,456,-1,456,439,441,-1,456,441,457,-1,457,441,442,-1,457,442,458,-1,458,442,429,-1,458,429,459,-1,459,429,428,-1,459,428,445,-1,445,428,426,-1,445,426,424,-1,447,460,448,-1,448,460,461,-1,448,461,462,-1,433,463,434,-1,434,463,464,-1,465,430,464,-1,464,430,435,-1,464,435,434,-1,466,436,465,-1,465,436,431,-1,465,431,430,-1,467,438,466,-1,466,438,437,-1,466,437,436,-1,423,425,468,-1,468,425,427,-1,468,427,467,-1,467,427,443,-1,467,443,438,-1,395,401,468,-1,468,401,421,-1,468,421,423,-1,469,470,471,-1,471,470,472,-1,473,474,475,-1,476,471,475,-1,475,471,472,-1,475,472,473,-1,477,478,474,-1,474,478,479,-1,474,479,475,-1,480,481,482,-1,476,483,471,-1,471,483,480,-1,471,480,484,-1,484,480,482,-1,485,486,487,-1,469,471,487,-1,487,471,488,-1,487,488,489,-1,489,490,487,-1,487,490,491,-1,487,491,485,-1,492,493,475,-1,475,493,476,-1,472,470,494,-1,494,470,495,-1,496,497,495,-1,495,497,498,-1,498,499,495,-1,495,499,500,-1,495,500,494,-1,500,489,494,-1,494,489,488,-1,501,502,503,-1,488,493,494,-1,494,493,492,-1,494,492,504,-1,505,506,507,-1,488,508,493,-1,493,508,501,-1,493,501,509,-1,509,501,503,-1,504,492,507,-1,507,492,510,-1,507,510,505,-1,497,496,486,-1,486,496,511,-1,511,496,512,-1,511,512,513,-1,513,512,514,-1,513,514,515,-1,515,514,516,-1,515,516,517,-1,518,519,520,-1,520,519,521,-1,520,521,522,-1,516,523,517,-1,517,523,524,-1,517,524,525,-1,525,524,526,-1,525,526,518,-1,518,526,527,-1,518,527,519,-1,527,528,519,-1,519,528,529,-1,519,529,530,-1,530,531,519,-1,519,531,532,-1,519,532,533,-1,486,485,497,-1,497,485,491,-1,497,491,498,-1,498,491,490,-1,498,490,499,-1,499,490,489,-1,499,489,500,-1,492,475,479,-1,492,479,510,-1,510,479,478,-1,510,478,505,-1,505,478,477,-1,505,477,506,-1,506,477,474,-1,506,474,507,-1,507,474,473,-1,507,473,504,-1,504,473,472,-1,504,472,494,-1,488,471,484,-1,488,484,508,-1,508,484,482,-1,508,482,501,-1,501,482,481,-1,501,481,502,-1,502,481,480,-1,502,480,503,-1,503,480,483,-1,503,483,509,-1,509,483,476,-1,509,476,493,-1,534,535,536,-1,536,537,534,-1,534,537,538,-1,534,538,539,-1,539,538,540,-1,539,540,541,-1,541,540,542,-1,541,542,543,-1,543,542,544,-1,543,544,545,-1,545,544,546,-1,545,546,522,-1,522,546,547,-1,522,547,520,-1,520,547,548,-1,520,548,518,-1,518,548,549,-1,550,515,551,-1,551,515,517,-1,551,517,549,-1,549,517,525,-1,549,525,518,-1,487,486,552,-1,552,486,511,-1,552,511,550,-1,550,511,513,-1,550,513,515,-1,496,495,512,-1,512,495,553,-1,512,553,514,-1,514,553,516,-1,516,553,523,-1,523,553,554,-1,523,554,524,-1,524,554,526,-1,526,554,555,-1,526,555,527,-1,527,555,528,-1,528,555,556,-1,528,556,529,-1,529,556,530,-1,530,556,557,-1,530,557,531,-1,531,557,532,-1,532,557,558,-1,532,558,533,-1,347,331,346,-1,347,346,362,-1,362,346,345,-1,362,345,357,-1,357,345,344,-1,357,344,358,-1,358,344,341,-1,358,341,359,-1,359,341,340,-1,359,340,356,-1,356,340,339,-1,356,339,351,-1,332,348,353,-1,332,353,336,-1,336,353,361,-1,336,361,335,-1,335,361,360,-1,335,360,334,-1,334,360,355,-1,334,355,342,-1,342,355,354,-1,342,354,343,-1,343,354,352,-1,343,352,333,-1,
        ]
    }
}